Success,Age,Weight,40yd,Vertical,Final Rec Yds/G,Final Rec TDs/G,Final MS Rec Yds,Final MS Rec TDs,Final MS All Yds,Final MS All TDs,Career Rec Yds/G,Career Rec TDs/G,Career MS Rec Yds,Career MS Rec TDs,Career MS All Yds,Career MS All TDs
1,23.2,194,4.627,34.733,103.778,0.889,0.28,0.296,0.22,0.25,81.791,0.744,0.278,0.311,0.195,0.198
1,23,231,4.634,33,95.167,1,0.429,0.48,0.257,0.324,89.792,0.833,0.384,0.435,0.241,0.278
0,21.4,199,4.517,37,51.444,0.667,0.146,0.261,0.094,0.15,42.593,0.556,0.115,0.167,0.08,0.11
0,22.6,177,4.34,35,59.545,0.364,0.212,0.267,0.154,0.111,58.087,0.5,0.241,0.348,0.173,0.198
0,22.6,175,4.44,37.5,118.5,0.667,0.468,0.421,0.286,0.214,69.261,0.522,0.313,0.304,0.186,0.159
0,23.3,169,4.531,35.302,88.818,1,0.421,0.478,0.266,0.314,52.578,0.489,0.252,0.289,0.159,0.153
0,22.1,221,4.553,35.171,28.273,0.364,0.126,0.211,0.089,0.121,17.909,0.212,0.068,0.111,0.045,0.057
0,23.3,206,4.627,34.733,64.4,0.3,0.193,0.111,0.137,0.068,33.705,0.159,0.119,0.064,0.074,0.034
0,21,218,4.656,37.5,78.182,0.455,0.276,0.172,0.165,0.086,57.281,0.438,0.237,0.237,0.136,0.109
0,22.8,191,4.34,37.5,33,0,0.144,0,0.088,0,37.861,0.222,0.206,0.19,0.111,0.069
1,22.6,192,4.41,34,36.091,0.273,0.132,0.143,0.109,0.095,28.548,0.194,0.095,0.079,0.08,0.051
0,22.8,199,4.5,34,105.1,0.8,0.292,0.32,0.225,0.258,76.366,0.756,0.27,0.31,0.168,0.194
1,21.7,197,4.58,35.012,96.333,0.75,0.365,0.391,0.237,0.225,46.906,0.438,0.15,0.156,0.104,0.103
0,22.2,194,4.54,33.5,43.909,0.545,0.182,0.24,0.107,0.162,46.556,0.4,0.198,0.22,0.114,0.118
0,23.2,217,4.627,34.733,63.667,0.333,0.238,0.273,0.159,0.12,68.636,0.432,0.256,0.244,0.163,0.106
0,22.8,199,4.59,37.5,93.455,1,0.366,0.44,0.232,0.256,56.079,0.526,0.249,0.308,0.129,0.131
0,23.7,194,4.51,35,82.2,0.5,0.319,0.238,0.201,0.135,67.786,0.548,0.29,0.324,0.183,0.174
0,23.7,204,4.47,35.669,72,0.4,0.233,0.267,0.149,0.111,54.289,0.333,0.208,0.242,0.136,0.118
0,21.9,191,4.42,38,9.833,0,0.023,0,0.058,0.059,6.047,0,0.03,0,0.176,0.142
0,23.7,171,4.605,32.5,132.364,0.909,0.422,0.4,0.284,0.213,94.905,0.619,0.333,0.356,0.234,0.195
0,23.5,206,4.531,35.302,5.571,0,0.019,0,0.141,0.133,6.842,0.053,0.025,0.027,0.094,0.109
0,22.4,180,4.51,36,73.333,1.083,0.226,0.351,0.159,0.228,58.84,0.68,0.188,0.262,0.128,0.162
0,23.5,173,4.57,35.071,65,0.875,0.224,0.304,0.142,0.2,76.524,0.714,0.342,0.395,0.216,0.208
0,22,187,4.641,34.646,105.273,0.545,0.617,0.75,0.37,0.353,105.273,0.545,0.617,0.75,0.37,0.353
0,22.7,202,4.56,35.5,103,0.455,0.359,0.312,0.247,0.152,68.152,0.424,0.222,0.197,0.155,0.108
0,22.8,186,4.61,34.832,45.091,0.273,0.285,0.231,0.145,0.111,38.5,0.273,0.24,0.261,0.114,0.095
0,22.4,213,4.517,35.39,90.364,1.182,0.401,0.542,0.205,0.277,58.971,0.559,0.251,0.317,0.154,0.165
1,21.4,211,4.649,34.602,96.455,1.182,0.33,0.464,0.265,0.317,87,0.682,0.333,0.357,0.245,0.217
1,23.8,219,4.553,35.171,86.909,0.545,0.414,0.353,0.194,0.12,52.261,0.261,0.249,0.19,0.139,0.082
1,22.2,184,4.429,35.915,68,0.455,0.256,0.192,0.186,0.14,60.643,0.452,0.234,0.216,0.147,0.116
0,22.7,185,4.46,39.5,119.455,0.727,0.452,0.348,0.328,0.195,57.5,0.265,0.218,0.143,0.15,0.071
1,22.7,198,4.531,35.302,68.636,0.909,0.258,0.385,0.151,0.2,55.778,0.444,0.231,0.227,0.131,0.106
1,23.9,211,4.553,35.171,89.692,1.077,0.412,0.737,0.204,0.209,90.542,0.958,0.441,0.697,0.221,0.205
1,23.6,192,4.57,33,67.167,0.667,0.288,0.4,0.165,0.17,67.167,0.667,0.288,0.4,0.165,0.17
0,21.7,205,4.48,36.5,88.5,0.6,0.342,0.6,0.209,0.158,88.5,0.6,0.342,0.6,0.209,0.158
1,23,210,4.444,45,90.333,0.556,0.384,0.312,0.171,0.135,48.878,0.39,0.277,0.356,0.111,0.101
1,22.3,184,4.41,38.5,74.3,0.4,0.331,0.364,0.208,0.174,76.333,0.571,0.335,0.343,0.21,0.194
0,24.5,171,4.57,37.5,111.667,0.917,0.291,0.306,0.203,0.175,49.952,0.405,0.143,0.149,0.1,0.086
0,22.9,207,4.539,31.705,87.636,0.455,0.363,0.263,0.249,0.194,87.636,0.455,0.363,0.263,0.249,0.194
0,22.7,209,4.51,41,106.182,0.909,0.532,0.769,0.263,0.208,67.977,0.659,0.423,0.69,0.223,0.266
0,22.4,204,4.561,43,28.182,0.273,0.194,0.188,0.067,0.061,13.791,0.093,0.097,0.103,0.037,0.03
0,23.3,192,4.48,35.61,84.5,1.083,0.271,0.464,0.184,0.246,48.367,0.51,0.154,0.208,0.121,0.142
0,22,195,4.53,37,22.636,0,0.205,0,0.053,0,16.098,0.098,0.115,0.125,0.056,0.074
0,22.7,179,4.48,38,61.909,1.091,0.294,0.571,0.166,0.293,47.489,0.533,0.196,0.267,0.111,0.133
0,23.6,199,4.42,43.5,84.167,0.583,0.391,0.438,0.27,0.318,45.907,0.256,0.219,0.212,0.133,0.106
0,23.9,211,4.649,34.602,60.833,0.583,0.261,0.35,0.15,0.149,48.174,0.391,0.178,0.237,0.112,0.1
0,22.8,177,4.39,36.5,7,0,0.027,0,0.03,0,3.826,0,0.013,0,0.023,0.012
0,23.4,183,4.39,36.148,36.6,0.1,0.148,0.071,0.084,0.031,30.19,0.143,0.112,0.074,0.064,0.038
0,22.3,183,4.4,35.5,35.455,0.091,0.151,0.1,0.093,0.026,28,0.149,0.143,0.135,0.082,0.052
0,22.9,196,4.451,35.784,66.167,0.167,0.322,0.143,0.187,0.062,39.34,0.191,0.163,0.111,0.096,0.057
0,23.1,191,4.48,36.5,72.636,0.545,0.216,0.316,0.166,0.214,44.692,0.385,0.136,0.165,0.109,0.122
0,27.7,199,4.649,34.602,15.1,0.1,0.052,0.038,0.03,0.02,20.341,0.073,0.077,0.034,0.043,0.016
1,21.8,197,4.553,35.171,91.222,1.111,0.276,0.455,0.172,0.244,56.355,0.419,0.228,0.236,0.132,0.105
0,22.5,197,4.561,35.127,142.75,1.583,0.373,0.463,0.305,0.352,92.806,0.889,0.269,0.34,0.217,0.241
1,23.8,210,4.35,39.5,85.818,0.636,0.28,0.25,0.184,0.156,62.85,0.5,0.158,0.156,0.107,0.093
0,21.7,193,4.612,34.821,108.273,1.182,0.267,0.302,0.204,0.22,103.261,1.174,0.291,0.351,0.218,0.239
0,22.3,210,4.597,34.908,145,0.583,0.486,0.389,0.32,0.152,96.806,0.548,0.345,0.321,0.236,0.168
0,22.9,190,4.34,39,51.818,0.273,0.248,0.273,0.15,0.107,29.034,0.138,0.118,0.091,0.088,0.045
0,23.2,194,4.43,39.5,56.636,0.636,0.311,0.438,0.15,0.179,52.35,0.475,0.275,0.365,0.125,0.129
0,23.4,194,4.59,41.5,96.273,0.909,0.238,0.233,0.19,0.169,59.657,0.514,0.184,0.18,0.137,0.118
0,23,191,4.55,35.191,2.727,0,0.016,0,0.205,0.186,2.045,0.023,0.011,0.022,0.219,0.294
0,21.4,188,4.6,37,65.9,0.9,0.271,0.45,0.174,0.29,90.484,0.839,0.349,0.433,0.23,0.271
1,23.1,191,4.45,36,99,0.75,0.381,0.391,0.263,0.214,95.826,0.783,0.371,0.36,0.249,0.202
0,23.7,219,4.663,34.514,94.818,1,0.443,0.611,0.261,0.297,45.545,0.386,0.194,0.218,0.113,0.108
0,23.5,185,4.4,36.088,67.636,0.364,0.319,0.222,0.162,0.098,66.5,0.357,0.262,0.189,0.15,0.097
0,23.7,195,4.53,38,5.25,0.083,0.038,0.125,0.216,0.345,2.535,0.047,0.018,0.057,0.179,0.303
0,22.2,225,4.714,34.5,81.364,0.818,0.398,0.474,0.193,0.231,65.133,0.689,0.328,0.443,0.164,0.22
0,24.6,193,4.47,33,67.333,0.333,0.212,0.138,0.137,0.082,35.652,0.152,0.141,0.082,0.089,0.048
0,23,203,4.48,36.5,23.545,0.182,0.129,0.125,0.057,0.057,23.182,0.182,0.117,0.154,0.067,0.062
0,22.7,200,4.44,35.849,46,0.273,0.237,0.333,0.12,0.107,49.65,0.25,0.234,0.208,0.12,0.075
0,22.1,190,4.51,33.5,56.909,0.273,0.311,0.188,0.141,0.086,42.25,0.136,0.213,0.115,0.129,0.055
0,22.7,200,4.561,35.127,73.364,0.636,0.285,0.333,0.179,0.167,41.415,0.341,0.181,0.226,0.117,0.112
0,23.4,200,4.58,35,70.083,0.667,0.321,0.4,0.178,0.163,54.057,0.429,0.261,0.357,0.167,0.174
0,23.9,190,4.58,32.5,66.636,0.091,0.335,0.1,0.205,0.036,64.889,0.622,0.282,0.412,0.175,0.206
0,22.3,186,4.47,41,35.182,0.091,0.346,0.25,0.12,0.05,19.267,0.089,0.119,0.078,0.055,0.028
0,22.4,200,4.7,33.5,72.364,0.636,0.296,0.333,0.153,0.132,80.576,0.515,0.331,0.34,0.195,0.13
0,23.2,197,4.539,35.258,74.727,0.636,0.381,0.5,0.231,0.25,45.758,0.394,0.273,0.371,0.157,0.176
0,23.5,180,4.458,35.74,40,0,0.087,0,0.048,0,21,0.128,0.075,0.059,0.042,0.026
0,22.7,175,4.553,35.171,116.429,0.857,0.334,0.261,0.247,0.194,97.613,0.677,0.302,0.214,0.207,0.151
0,22,217,4.57,40.5,31.7,0,0.284,0,0.1,0,18.5,0.068,0.112,0.059,0.058,0.05
0,23.9,155,4.35,35,32.455,0.273,0.22,0.375,0.075,0.07,51.064,0.298,0.25,0.219,0.121,0.064
0,22.2,202,4.495,35.521,112.583,1.083,0.493,0.542,0.32,0.342,117.542,1.125,0.431,0.509,0.281,0.322
1,22.1,230,4.502,39,91,0.75,0.296,0.281,0.178,0.138,53.853,0.588,0.195,0.244,0.114,0.122
0,22.4,214,4.619,34.777,70.538,0.308,0.362,0.235,0.165,0.075,42.723,0.213,0.201,0.156,0.11,0.066
0,22.2,205,4.509,35.434,98.909,0.727,0.309,0.364,0.212,0.19,47.659,0.364,0.141,0.131,0.103,0.087
0,24.5,201,4.42,38.5,59.833,0.667,0.223,0.32,0.163,0.195,50.667,0.333,0.201,0.22,0.133,0.106
1,22.9,216,4.71,33.5,72.214,0.929,0.342,0.481,0.196,0.277,49.722,0.583,0.164,0.233,0.114,0.143
0,22.8,223,4.42,38,50.5,0.333,0.321,0.667,0.14,0.111,58.578,0.378,0.266,0.304,0.146,0.108
0,24,223,4.509,35.434,84.167,0.417,0.339,0.227,0.208,0.122,84.167,0.417,0.339,0.227,0.208,0.122
1,22,197,4.51,42.5,135.75,1,0.458,0.444,0.334,0.31,99.606,0.667,0.349,0.386,0.245,0.228
0,25.1,186,4.44,36,114.364,0.818,0.371,0.429,0.295,0.286,126.773,0.864,0.425,0.413,0.316,0.263
0,23.4,210,4.649,34.602,63.857,0.214,0.277,0.094,0.185,0.083,62.042,0.5,0.282,0.276,0.171,0.171
0,22.2,169,4.517,35.39,100.357,0.929,0.33,0.419,0.26,0.255,77.486,0.649,0.279,0.312,0.198,0.191
0,22.1,184,4.63,36,84.167,0.75,0.298,0.346,0.191,0.22,72.2,0.543,0.274,0.25,0.173,0.153
0,22.7,209,4.65,39.5,82.5,0.333,0.272,0.154,0.202,0.125,47.717,0.326,0.21,0.221,0.13,0.127
0,22.5,193,4.66,34.5,115.75,0.667,0.399,0.471,0.347,0.333,74.467,0.511,0.305,0.348,0.195,0.18
0,22.6,217,4.531,35.302,89.583,0.75,0.436,0.529,0.23,0.205,79.529,0.529,0.405,0.4,0.217,0.176
0,23.4,215,4.48,32,47.636,0.182,0.258,0.167,0.113,0.057,61.045,0.318,0.302,0.25,0.159,0.108
0,23,223,4.692,34.339,79.571,0.5,0.303,0.304,0.197,0.159,50.188,0.438,0.169,0.25,0.109,0.127
0,23,213,4.54,35.5,103.083,0.917,0.322,0.355,0.246,0.245,84.955,0.909,0.259,0.385,0.197,0.233
0,23.6,202,4.66,36,137.308,1,0.412,0.542,0.322,0.389,87.122,0.439,0.276,0.321,0.193,0.174
0,23,196,4.54,34,40.818,0.364,0.221,0.333,0.123,0.143,34.667,0.289,0.202,0.228,0.102,0.103
0,23.5,217,4.57,35,60.462,0.385,0.347,0.455,0.192,0.192,21.737,0.132,0.102,0.109,0.06,0.048
0,23.5,204,4.583,34.996,11.833,0,0.03,0,0.017,0,11.833,0,0.03,0,0.017,0
0,22.4,186,4.44,35,46.538,0.308,0.152,0.121,0.104,0.069,64.667,0.312,0.238,0.188,0.162,0.094
0,23.6,197,4.634,34.689,46.583,0.25,0.248,0.25,0.131,0.071,26.391,0.13,0.154,0.133,0.076,0.041
0,22.2,178,4.58,31.5,60.308,0.385,0.265,0.192,0.177,0.106,55.061,0.49,0.222,0.238,0.142,0.134
0,22.3,185,4.7,34.295,54.154,0.385,0.341,0.357,0.13,0.075,54.154,0.385,0.341,0.357,0.13,0.075
0,23.7,214,4.52,39,68.5,0.5,0.243,0.231,0.153,0.146,47.913,0.283,0.19,0.133,0.115,0.081
0,23.4,205,4.45,34.5,44.643,0.571,0.212,0.296,0.112,0.17,33.936,0.404,0.112,0.161,0.074,0.095
0,24.8,190,4.509,35.434,35.7,0.3,0.128,0.15,0.079,0.081,34.774,0.29,0.133,0.161,0.083,0.08
0,22,225,4.568,35.083,114,0.75,0.41,0.3,0.29,0.2,64.5,0.455,0.271,0.299,0.18,0.169
0,22.8,174,4.517,35.39,75.857,0.643,0.294,0.36,0.166,0.143,42.739,0.37,0.203,0.25,0.098,0.091
0,23.2,192,4.59,34.952,61.667,0.417,0.257,0.208,0.183,0.125,26.188,0.188,0.115,0.098,0.104,0.1
1,21,225,4.553,33.034,128.615,1.692,0.446,0.579,0.318,0.44,102.962,1.308,0.409,0.567,0.27,0.391
1,22.6,212,4.36,39.5,83,0.692,0.402,0.409,0.195,0.143,80.542,0.75,0.318,0.36,0.2,0.185
0,21.2,229,4.612,33.92,92.417,0.667,0.343,0.471,0.239,0.222,98.222,0.611,0.327,0.367,0.245,0.195
1,23.4,197,4.41,34.5,93.308,1,0.428,0.722,0.241,0.317,78.818,0.614,0.377,0.443,0.178,0.167
1,21.8,209,4.59,32.5,77.071,0.714,0.331,0.333,0.186,0.185,66.205,0.538,0.293,0.328,0.166,0.163
0,22.2,218,4.495,32.148,64.154,0.538,0.311,0.35,0.193,0.206,72.263,0.421,0.388,0.364,0.203,0.143
0,23.8,202,4.51,39,105.154,1.154,0.526,0.714,0.25,0.273,91.958,0.875,0.393,0.545,0.233,0.266
0,22.4,198,4.466,33.477,61.5,0.786,0.264,0.367,0.151,0.204,31.786,0.452,0.116,0.216,0.088,0.128
0,22.7,188,4.49,35,80.667,0.917,0.33,0.5,0.201,0.244,85.766,1,0.26,0.388,0.185,0.234
0,22.2,207,4.641,30,77.923,0.692,0.267,0.231,0.179,0.153,59.28,0.38,0.216,0.183,0.148,0.11
0,22.7,196,4.509,37.907,78.923,0.769,0.278,0.435,0.208,0.238,59.946,0.405,0.235,0.263,0.172,0.142
0,23.6,183,4.61,38,47.714,0.286,0.236,0.25,0.137,0.162,58.4,0.489,0.205,0.193,0.133,0.131
0,22.3,213,4.5,37,63.846,0.538,0.235,0.318,0.164,0.189,62.692,0.692,0.222,0.346,0.158,0.226
0,23.6,198,4.31,38.5,90.538,0.692,0.19,0.17,0.16,0.123,61.857,0.429,0.16,0.139,0.133,0.104
0,23.4,179,4.34,36,83.692,0.538,0.331,0.292,0.226,0.179,55.22,0.38,0.225,0.188,0.141,0.105
1,22.2,212,4.58,36,105.308,0.769,0.299,0.286,0.237,0.182,64.979,0.438,0.219,0.202,0.161,0.12
0,25.6,226,4.81,40.5,68.154,0.231,0.354,0.176,0.169,0.06,41.878,0.224,0.242,0.196,0.106,0.057
0,22.7,229,4.54,41,66.583,0.417,0.369,0.5,0.183,0.135,47.969,0.219,0.245,0.219,0.121,0.068
0,21.9,191,4.5,34,74.25,0.25,0.23,0.133,0.128,0.062,41.35,0.25,0.135,0.119,0.084,0.068
0,23.1,199,4.51,41,84.417,0.583,0.302,0.259,0.224,0.163,48.96,0.44,0.229,0.256,0.125,0.126
0,22.9,204,4.495,35.521,51.25,0.125,0.153,0.05,0.098,0.029,19.75,0.031,0.083,0.021,0.047,0.009
0,20.6,210,4.56,34.5,56.538,0.385,0.208,0.185,0.139,0.106,30.457,0.2,0.108,0.085,0.067,0.05
0,23.5,197,4.46,35.729,76,0.667,0.167,0.267,0.096,0.108,65.577,0.385,0.211,0.204,0.134,0.099
0,22.6,199,4.3,38,33.231,0.308,0.171,0.235,0.094,0.118,24.364,0.205,0.12,0.17,0.06,0.066
0,23.1,203,4.5,29,47.769,0.231,0.248,0.3,0.133,0.071,21.152,0.087,0.102,0.075,0.055,0.026
0,23.8,175,4.451,35.784,42.769,0.385,0.183,0.179,0.122,0.111,14.632,0.132,0.064,0.078,0.043,0.042
0,22.6,203,4.5,35.49,25.846,0.154,0.125,0.091,0.059,0.032,29.609,0.261,0.112,0.12,0.067,0.057
0,22.7,194,4.78,32.5,87.538,0.385,0.514,0.385,0.274,0.172,49.733,0.267,0.197,0.171,0.127,0.085
0,23.7,197,4.58,33.5,51.333,0.417,0.244,0.278,0.19,0.119,50.848,0.391,0.2,0.214,0.144,0.123
1,22.5,211,4.531,35.692,110.833,1.25,0.474,0.6,0.289,0.357,80.477,0.886,0.302,0.433,0.18,0.213
0,22.3,203,4.38,38.793,75.909,0.636,0.379,0.538,0.213,0.259,51.588,0.382,0.276,0.371,0.153,0.153
0,21.6,229,4.57,36.5,101.077,1.231,0.347,0.41,0.23,0.271,99.192,1.154,0.332,0.417,0.224,0.256
0,22.3,242,4.4,39.5,0,0,0,0,0.141,0.146,1.261,0,0.007,0,0.139,0.143
0,23.1,193,4.44,36.5,67.385,0.615,0.266,0.222,0.147,0.138,63.451,0.608,0.245,0.242,0.15,0.135
1,23.8,207,4.539,38.35,121,1.167,0.407,0.5,0.271,0.304,69.156,0.578,0.298,0.382,0.182,0.2
0,24.6,196,4.51,41.5,71.667,0.5,0.289,0.25,0.183,0.15,40.02,0.245,0.16,0.15,0.105,0.079
0,23.5,201,4.47,39.5,37.769,0.538,0.149,0.194,0.093,0.138,27.4,0.36,0.092,0.114,0.062,0.078
0,23.1,168,4.43,33.92,57.75,0.667,0.246,0.364,0.17,0.211,37.639,0.333,0.146,0.174,0.098,0.096
0,22.7,202,4.45,38.35,65.545,0.273,0.211,0.158,0.139,0.07,57.778,0.222,0.226,0.147,0.153,0.076
0,22.6,189,4.36,36.5,73.636,0.636,0.395,0.538,0.265,0.346,56.089,0.267,0.284,0.267,0.163,0.119
0,22.2,197,4.56,33.92,79.273,1.091,0.438,0.6,0.172,0.279,81.652,0.957,0.433,0.537,0.182,0.242
0,22.9,210,4.48,37,26.538,0.231,0.105,0.083,0.057,0.052,25.804,0.304,0.09,0.109,0.054,0.061
0,22.1,188,4.48,35.609,45.091,0.182,0.196,0.182,0.111,0.067,45.809,0.383,0.174,0.194,0.106,0.107
0,22.9,217,4.54,34.363,25.6,0.1,0.066,0.036,0.035,0.014,22.5,0.133,0.079,0.069,0.046,0.034
0,23.8,196,4.62,38.5,66.75,0.583,0.27,0.292,0.166,0.175,64.089,0.444,0.225,0.235,0.143,0.129
0,24.4,195,4.583,35.692,82.6,1.2,0.321,0.429,0.206,0.308,67.911,0.756,0.24,0.291,0.162,0.212
0,22.7,186,4.57,38,78.909,0.182,0.42,0.286,0.265,0.091,45,0.222,0.176,0.156,0.113,0.07
0,24.1,185,4.56,38,0,0,0,0,0.134,0.093,0.564,0,0.003,0,0.094,0.144
0,23.4,183,4.7,37,99.231,1.308,0.293,0.459,0.222,0.315,68.886,0.659,0.153,0.187,0.122,0.131
0,23.6,229,4.52,34,34.091,0.273,0.139,0.136,0.079,0.1,36.833,0.143,0.141,0.078,0.087,0.045
0,21.3,212,4.61,33,127.182,0.727,0.609,0.571,0.385,0.32,86.571,0.629,0.422,0.393,0.256,0.25
0,23.4,196,4.553,36,53.667,0.444,0.179,0.182,0.098,0.1,61.848,0.413,0.265,0.288,0.169,0.152
0,22.1,204,4.531,37.907,26.091,0.182,0.109,0.091,0.065,0.059,22.278,0.111,0.068,0.043,0.043,0.027
0,22.9,219,4.77,31.5,89.667,1,0.34,0.364,0.205,0.203,81.957,0.696,0.329,0.32,0.204,0.171
0,23.7,206,4.56,34.5,80.667,0.583,0.238,0.233,0.121,0.072,52.38,0.38,0.194,0.194,0.108,0.078
1,22.4,188,4.458,35.692,81.417,0.917,0.358,0.611,0.192,0.268,63.75,0.694,0.305,0.481,0.174,0.25
0,21.4,213,4.34,38.5,75,0.75,0.331,0.45,0.217,0.282,42.865,0.432,0.173,0.232,0.113,0.14
0,22.6,185,4.41,39.236,51.167,0.5,0.237,0.3,0.156,0.158,23.042,0.188,0.093,0.101,0.058,0.052
1,22.9,197,4.46,36.5,114.455,1.273,0.464,0.467,0.303,0.35,84.262,0.929,0.285,0.382,0.208,0.265
0,22.5,214,4.52,36.5,34.444,0.111,0.145,0.1,0.086,0.054,29.886,0.386,0.106,0.145,0.063,0.08
0,21.9,208,4.46,36,100.833,0.667,0.27,0.211,0.194,0.143,78.78,0.54,0.249,0.209,0.181,0.147
0,22.5,179,4.51,34.5,84.231,0.462,0.309,0.25,0.155,0.078,56.231,0.192,0.274,0.152,0.142,0.053
0,21.5,217,4.58,35,95.75,0.917,0.29,0.344,0.2,0.208,47.717,0.391,0.2,0.257,0.122,0.132
0,23.9,188,4.37,37.5,57.636,0.091,0.172,0.048,0.129,0.024,23.244,0.067,0.082,0.035,0.067,0.036
0,23.5,188,4.65,33.5,57.083,0.417,0.263,0.333,0.146,0.213,58.639,0.472,0.247,0.354,0.142,0.197
0,23.3,212,4.656,37,83.917,0.667,0.377,0.348,0.218,0.205,47.809,0.277,0.187,0.137,0.109,0.07
0,23.4,197,4.583,38,88.25,0.833,0.29,0.357,0.212,0.25,59.111,0.444,0.212,0.2,0.14,0.128
1,22.4,229,4.56,37,91.923,0.846,0.392,0.458,0.229,0.262,38.045,0.295,0.143,0.159,0.095,0.094
0,21.9,192,4.53,34,20.615,0,0.092,0,0.081,0,25.659,0.205,0.107,0.103,0.069,0.058
0,21.8,192,4.487,35.565,93.077,0.615,0.336,0.333,0.248,0.216,58.111,0.389,0.21,0.219,0.147,0.119
0,23.6,202,4.64,35,0.583,0,0.003,0,0.071,0.083,5.353,0,0.024,0,0.06,0.066
0,24.4,173,4.53,35.311,29.667,0.083,0.106,0.037,0.091,0.023,18.32,0.08,0.086,0.047,0.055,0.023
0,23.6,208,4.61,32,139.273,0.545,0.471,0.462,0.333,0.2,109,0.556,0.35,0.299,0.257,0.168
0,23.4,198,4.41,35.5,52.923,0.615,0.194,0.333,0.093,0.104,35.077,0.365,0.171,0.288,0.085,0.1
0,23.7,181,4.48,37.5,23.167,0.25,0.079,0.094,0.042,0.042,18.962,0.173,0.083,0.096,0.054,0.055
0,24.5,211,4.44,37,92.417,0.833,0.285,0.333,0.197,0.217,65.682,0.455,0.21,0.274,0.144,0.159
0,23.1,202,4.44,36,56.5,0.75,0.182,0.333,0.122,0.176,74.783,0.652,0.253,0.333,0.175,0.185
0,24.2,176,4.509,33.92,22.462,0.231,0.1,0.136,0.06,0.07,8.947,0.079,0.032,0.034,0.017,0.018
0,22.2,201,4.35,39,41.167,0.333,0.191,0.211,0.1,0.085,26.137,0.176,0.126,0.125,0.066,0.047
0,22.8,205,4.45,38,29.75,0.417,0.138,0.263,0.102,0.149,25.745,0.353,0.124,0.25,0.072,0.105
0,23,192,4.62,34,101.75,0.667,0.355,0.32,0.253,0.205,79,0.435,0.299,0.256,0.168,0.114
1,21.9,239,4.4,39.679,85.857,1.071,0.506,0.6,0.265,0.357,77.026,0.737,0.422,0.519,0.227,0.305
0,22.3,178,4.48,35.609,60.077,0.692,0.274,0.29,0.157,0.161,52.514,0.405,0.253,0.238,0.154,0.148
1,22.9,221,4.57,33,76.154,0.923,0.303,0.4,0.182,0.218,52.239,0.565,0.203,0.257,0.114,0.136
0,22.9,214,4.42,37.5,99.846,0.846,0.378,0.458,0.267,0.268,57.838,0.459,0.252,0.274,0.139,0.143
0,21.9,207,4.49,35.55,69.667,0.333,0.256,0.133,0.157,0.073,50.405,0.167,0.178,0.069,0.102,0.037
0,22.9,193,4.46,38,56.462,0.615,0.258,0.258,0.15,0.143,38.97,0.394,0.167,0.206,0.094,0.107
1,20.9,200,4.53,39.5,83.846,0.769,0.334,0.417,0.213,0.233,93.042,0.958,0.378,0.511,0.249,0.299
0,20.9,219,4.656,34.363,84.583,1,0.296,0.4,0.199,0.25,82.579,1.079,0.282,0.427,0.17,0.215
1,22.3,197,4.45,38,83.308,0.692,0.316,0.3,0.212,0.188,65.63,0.478,0.202,0.163,0.125,0.088
0,24.6,174,4.35,30.819,34.833,0.25,0.161,0.3,0.119,0.192,33.647,0.176,0.168,0.162,0.103,0.085
0,22.5,204,4.38,37,60,0.7,0.191,0.304,0.116,0.2,62.884,0.744,0.219,0.356,0.137,0.213
1,22.7,209,4.45,36.5,98.167,0.583,0.42,0.5,0.263,0.28,55.674,0.37,0.24,0.262,0.153,0.149
0,23.7,205,4.53,38.5,32.714,0.143,0.121,0.062,0.068,0.032,27.579,0.211,0.1,0.092,0.053,0.043
0,23.9,186,4.53,36.5,109.917,1.083,0.336,0.448,0.279,0.342,65.673,0.653,0.241,0.314,0.162,0.195
0,22.8,179,4.54,35,98.167,0.667,0.424,0.533,0.311,0.308,73.94,0.44,0.257,0.212,0.183,0.115
0,23.6,181,4.52,35.5,52.615,0.308,0.224,0.211,0.165,0.139,36.118,0.235,0.144,0.154,0.1,0.084
0,24,193,4.41,33,51.538,0.154,0.265,0.091,0.155,0.047,35.333,0.208,0.147,0.104,0.099,0.066
0,21.3,198,4.39,37,64.364,0.364,0.233,0.308,0.154,0.138,78.727,0.5,0.296,0.407,0.2,0.183
0,22.1,188,4.4,32.5,35.333,0,0.179,0,0.108,0,28.02,0.122,0.14,0.083,0.071,0.034
0,23.7,229,4.502,35.249,13.364,0.182,0.052,0.065,0.029,0.036,12.889,0.067,0.056,0.036,0.032,0.019
0,23.9,225,4.45,40,41.615,0.462,0.202,0.24,0.115,0.094,21.898,0.245,0.078,0.124,0.053,0.046
0,23.7,211,4.55,32.5,100,1,0.271,0.333,0.228,0.25,52.52,0.46,0.129,0.144,0.108,0.095
0,23.4,204,4.51,36,54.154,0.154,0.314,0.143,0.185,0.057,41.96,0.18,0.201,0.132,0.114,0.051
0,23.1,217,4.561,35.127,37.769,0.308,0.157,0.222,0.092,0.091,28.81,0.238,0.089,0.109,0.058,0.057
0,24.8,208,4.59,36,65.714,0.714,0.278,0.345,0.165,0.189,43.843,0.412,0.179,0.214,0.11,0.115
0,23.7,200,4.48,37.464,64.923,0.538,0.357,0.304,0.182,0.167,34.043,0.283,0.152,0.183,0.096,0.095
0,22,184,4.5,32.5,66.4,0.1,0.314,0.2,0.232,0.1,73.048,0.143,0.326,0.158,0.229,0.083
0,22.7,194,4.61,33,47.333,0.167,0.281,0.222,0.197,0.1,36,0.136,0.184,0.115,0.124,0.065
0,23.9,197,4.6,35,70,0.3,0.279,0.167,0.137,0.061,46.316,0.184,0.159,0.113,0.108,0.061
0,22.5,191,4.48,35.5,38.692,0.231,0.18,0.176,0.111,0.1,31,0.13,0.131,0.091,0.084,0.058
0,24.2,192,4.49,35.249,112,0.538,0.403,0.292,0.222,0.125,65.78,0.38,0.231,0.224,0.142,0.103
0,21.7,216,4.4,28,96.923,0.615,0.443,0.381,0.265,0.16,58.696,0.391,0.242,0.231,0.157,0.108
1,23.2,217,4.51,31,133.833,0.917,0.469,0.524,0.317,0.25,78.389,0.556,0.341,0.435,0.217,0.198
0,22.6,217,4.49,31.5,86.538,1.231,0.366,0.571,0.219,0.348,83.03,1.091,0.336,0.529,0.21,0.333
1,22.2,184,4.39,36,38.154,0.308,0.18,0.235,0.131,0.103,34.863,0.235,0.177,0.167,0.11,0.085
1,21.7,169,4.35,32.591,63.5,0.5,0.244,0.286,0.169,0.159,67.306,0.611,0.278,0.324,0.165,0.165
0,21.6,224,4.7,30.376,58.643,0.643,0.227,0.231,0.129,0.123,58.59,0.538,0.271,0.296,0.144,0.134
0,23.6,215,4.55,35,43.714,0.429,0.092,0.136,0.05,0.053,43.523,0.455,0.169,0.22,0.082,0.081
0,21.4,209,4.48,26,69.167,0.417,0.392,0.294,0.216,0.167,81.486,0.571,0.374,0.37,0.23,0.198
0,22.8,209,4.634,32.591,52.5,0.5,0.154,0.156,0.08,0.075,43.178,0.444,0.162,0.194,0.093,0.108
0,23.9,176,4.51,31,115.9,0.7,0.282,0.233,0.2,0.135,63.565,0.326,0.182,0.135,0.117,0.058
1,22.2,181,4.6,32,97.833,1,0.41,0.48,0.257,0.267,67.941,0.794,0.286,0.386,0.172,0.213
0,23.3,204,4.37,33,69.182,0.636,0.228,0.219,0.136,0.113,44.02,0.32,0.168,0.145,0.111,0.089
0,22.8,214,4.37,34.5,50.643,0.286,0.161,0.118,0.103,0.063,48.295,0.295,0.163,0.135,0.098,0.072
0,23.6,221,4.51,26.5,86.538,0.308,0.366,0.25,0.239,0.156,42.306,0.265,0.222,0.232,0.141,0.143
0,22.1,187,4.59,31.705,67.077,0.462,0.28,0.286,0.176,0.136,49.943,0.343,0.2,0.176,0.118,0.086
0,23.8,201,4.49,38.5,61.75,0.75,0.198,0.225,0.129,0.15,53.705,0.568,0.201,0.263,0.132,0.145
0,23.5,195,4.51,28,77.769,0.385,0.394,0.385,0.295,0.235,37.385,0.179,0.176,0.179,0.134,0.099
0,22.9,195,4.524,31.262,0,0,0,0,0,0,0,0,0,0,0,0
0,22.5,207,4.55,31.5,78,0.769,0.268,0.278,0.166,0.152,35.511,0.289,0.143,0.148,0.088,0.079
0,23.2,219,4.539,37.907,39.429,0.357,0.2,0.294,0.121,0.128,35.627,0.314,0.181,0.222,0.101,0.098
0,23.7,202,4.69,27.5,53.333,0.417,0.349,0.455,0.204,0.2,54.022,0.457,0.308,0.467,0.2,0.272
0,23.2,221,4.49,29.5,38.125,0,0.113,0,0.057,0,36,0.192,0.104,0.081,0.053,0.03
0,23.5,213,4.56,28.5,45.357,0.357,0.23,0.294,0.136,0.128,26.76,0.16,0.133,0.111,0.074,0.049
0,23.1,200,4.663,34.514,81.083,0.417,0.297,0.312,0.216,0.143,43.023,0.182,0.151,0.105,0.104,0.062
1,22.1,210,4.59,32.5,80.077,1,0.278,0.325,0.181,0.217,46.154,0.538,0.163,0.197,0.112,0.136
0,22.8,208,4.48,40.122,84.875,0.375,0.208,0.188,0.15,0.086,50.094,0.219,0.179,0.13,0.119,0.071
0,22.8,203,4.605,33.92,67.846,0.615,0.308,0.32,0.175,0.178,42.294,0.471,0.175,0.222,0.098,0.123
0,22.6,232,4.62,30,50.1,0.3,0.122,0.1,0.085,0.058,66.794,0.471,0.19,0.198,0.123,0.089
0,22.3,222,4.63,34.5,20.571,0.429,0.068,0.125,0.024,0.053,50.023,0.628,0.265,0.342,0.109,0.151
0,22.5,210,4.3,38.5,50.75,0.417,0.227,0.333,0.168,0.176,54.974,0.342,0.271,0.325,0.18,0.149
1,21.9,215,4.597,34.908,89.615,1.462,0.217,0.404,0.169,0.253,120.269,1.577,0.272,0.418,0.227,0.285
1,21.3,198,4.48,33.477,90,0.929,0.272,0.317,0.229,0.217,82.679,0.786,0.257,0.293,0.218,0.212
1,21.2,192,4.41,35.249,53.667,0.583,0.215,0.212,0.208,0.227,53.583,0.361,0.2,0.138,0.212,0.161
1,21.6,212,4.63,36,94,0.923,0.458,0.545,0.292,0.325,78.889,0.583,0.371,0.429,0.237,0.239
0,20.9,218,4.56,37,114.25,0.583,0.39,0.269,0.279,0.17,89.5,0.5,0.341,0.288,0.201,0.132
0,21.7,209,4.59,37.5,41.154,0.615,0.274,0.471,0.119,0.211,36.588,0.471,0.185,0.261,0.094,0.132
0,22.7,210,4.66,36.5,70.769,0.615,0.255,0.296,0.165,0.167,44.745,0.314,0.197,0.188,0.118,0.091
0,23.1,194,4.68,33,37.308,0.308,0.153,0.167,0.124,0.117,37.891,0.196,0.159,0.123,0.113,0.094
0,21.9,183,4.583,34.996,62.667,0.5,0.141,0.136,0.121,0.1,22.61,0.195,0.092,0.136,0.075,0.088
1,23,199,4.33,40,60.308,0.538,0.273,0.259,0.165,0.146,51.622,0.405,0.267,0.283,0.135,0.142
0,22.2,223,4.634,32.591,57,0.769,0.219,0.278,0.124,0.159,36.5,0.354,0.125,0.132,0.072,0.069
0,23.6,182,4.38,34.5,62.308,0.538,0.256,0.292,0.139,0.117,55.42,0.44,0.253,0.301,0.134,0.122
0,22,210,4.54,34.5,82.143,0.714,0.235,0.196,0.15,0.104,52.981,0.352,0.215,0.156,0.126,0.079
1,22.2,195,4.4,40.5,63.462,0.308,0.26,0.167,0.178,0.088,67.312,0.458,0.283,0.275,0.214,0.176
0,22.7,195,4.58,34.5,36.846,0.308,0.245,0.235,0.111,0.105,37.605,0.316,0.194,0.162,0.102,0.085
0,22.3,203,4.43,35.909,46.786,0.5,0.219,0.212,0.106,0.093,25.938,0.271,0.101,0.114,0.056,0.055
0,23.8,200,4.63,34,118.308,1.154,0.381,0.429,0.276,0.268,87.973,0.811,0.296,0.38,0.212,0.221
0,22.5,189,4.44,37,64.2,0.4,0.222,0.2,0.156,0.148,59.17,0.404,0.234,0.224,0.16,0.136
0,23.6,191,4.57,42.5,100.769,1.538,0.308,0.417,0.212,0.29,84.449,1.224,0.354,0.522,0.215,0.311
0,23.3,211,4.524,35.346,25.692,0.154,0.125,0.091,0.102,0.05,34.361,0.167,0.162,0.122,0.112,0.065
0,22,210,4.634,32.148,51.769,0.154,0.355,0.333,0.22,0.105,61.244,0.378,0.231,0.212,0.147,0.125
0,23.1,199,4.42,31.5,39.462,0.308,0.178,0.182,0.101,0.082,42,0.407,0.181,0.204,0.098,0.095
0,22.8,189,4.568,35.083,54.923,0.692,0.146,0.176,0.093,0.094,35.625,0.354,0.128,0.139,0.074,0.067
0,23.2,195,4.583,34.363,0.917,0,0.005,0,0.28,0.302,0.355,0,0.002,0,0.187,0.224
0,23.6,189,4.59,30,80,0.538,0.321,0.28,0.206,0.152,49.812,0.25,0.176,0.138,0.125,0.077
0,24.4,218,4.49,32,87.769,0.769,0.378,0.455,0.173,0.164,70.846,0.564,0.314,0.293,0.162,0.133
0,23.2,202,4.597,34.363,32.462,0.231,0.138,0.231,0.088,0.071,37.409,0.295,0.142,0.159,0.095,0.09
0,23.1,215,4.619,33.92,69.231,0.538,0.282,0.241,0.171,0.132,34.605,0.184,0.148,0.096,0.084,0.051
0,22.5,184,4.41,41.5,38,0.385,0.141,0.192,0.095,0.106,38.62,0.32,0.164,0.203,0.098,0.093
1,22.6,224,4.583,34.996,82.429,0.571,0.612,0.667,0.15,0.096,59.974,0.385,0.417,0.556,0.127,0.091
1,21.8,225,4.583,35.692,113.846,1.462,0.469,0.76,0.231,0.302,84.08,1,0.287,0.424,0.154,0.197
0,21.9,219,4.59,37,40.833,0.167,0.193,0.125,0.094,0.071,60.027,0.189,0.279,0.132,0.141,0.074
0,22,199,4.42,35,124.667,1.25,0.383,0.5,0.308,0.395,73.162,0.703,0.298,0.388,0.225,0.284
0,22.2,197,4.52,38,84.167,0.5,0.349,0.375,0.202,0.15,55.632,0.447,0.253,0.227,0.133,0.112
0,23.8,211,4.65,36,60.923,0.846,0.256,0.5,0.17,0.297,49.353,0.49,0.199,0.236,0.118,0.125
0,23.4,186,4.41,39.5,103,0.538,0.339,0.292,0.204,0.119,80.66,0.723,0.301,0.315,0.198,0.202
0,24.6,193,4.64,36.5,106.071,0.929,0.388,0.448,0.251,0.228,60.208,0.623,0.226,0.28,0.144,0.139
1,23.4,217,4.597,34.908,94.75,0.625,0.282,0.333,0.19,0.179,69.311,0.533,0.275,0.312,0.179,0.167
0,22.8,204,4.41,37,56,0.357,0.283,0.217,0.203,0.156,38.827,0.269,0.188,0.171,0.12,0.096
0,23.7,187,4.64,39,91.615,0.846,0.297,0.282,0.206,0.194,62.562,0.521,0.214,0.21,0.142,0.137
1,23.2,220,4.568,35.083,106.571,0.857,0.305,0.375,0.184,0.194,70.483,0.69,0.289,0.426,0.19,0.267
0,22.8,210,4.46,34,68.692,0.615,0.317,0.5,0.179,0.174,29.324,0.235,0.141,0.229,0.07,0.073
0,23,186,4.28,33.5,55.643,0.429,0.29,0.261,0.176,0.17,41.375,0.333,0.178,0.186,0.123,0.099
0,23.4,191,4.6,37,91.385,0.385,0.367,0.238,0.222,0.114,62.115,0.423,0.251,0.22,0.154,0.124
0,22.9,222,4.56,33,68.643,0.643,0.286,0.31,0.151,0.153,29.333,0.353,0.115,0.146,0.062,0.07
0,23.8,224,4.66,35,82.083,0.667,0.265,0.364,0.193,0.19,50.196,0.391,0.167,0.164,0.127,0.118
0,22.4,215,4.49,36,64.182,0.364,0.259,0.19,0.142,0.093,44.541,0.243,0.165,0.138,0.099,0.064
0,21,207,4.71,33,121.545,0.818,0.359,0.409,0.267,0.238,87.568,0.838,0.282,0.341,0.193,0.195
1,22.1,186,4.57,33.5,85.571,0.643,0.335,0.321,0.258,0.211,78.024,0.537,0.28,0.256,0.197,0.143
0,23,217,4.51,34.5,56.25,0.25,0.226,0.231,0.153,0.086,33.085,0.085,0.132,0.053,0.091,0.028
0,22.1,188,4.43,33,74.091,0.727,0.316,0.471,0.221,0.258,39.659,0.439,0.145,0.214,0.099,0.129
0,22,165,4.583,33.477,35,0.308,0.157,0.4,0.108,0.182,25.362,0.106,0.116,0.104,0.081,0.054
1,23,211,4.49,34.5,94.222,1,0.269,0.36,0.178,0.196,81.844,0.719,0.279,0.303,0.178,0.17
1,22.5,220,4.42,38.5,87.154,0.538,0.334,0.292,0.219,0.167,66.325,0.375,0.304,0.273,0.166,0.115
0,22,228,4.52,42,63.231,0.385,0.239,0.238,0.147,0.111,59.923,0.41,0.226,0.246,0.143,0.112
0,22,174,4.49,33.034,93.462,0.692,0.291,0.237,0.19,0.135,72.375,0.6,0.251,0.214,0.165,0.141
1,22.5,204,4.44,41,81.154,0.923,0.378,0.444,0.23,0.25,58.289,0.5,0.277,0.352,0.172,0.187
0,22.2,231,4.6,40.5,55.692,0.385,0.318,0.357,0.221,0.214,26.189,0.162,0.127,0.118,0.145,0.128
1,21,191,4.55,33.5,78.231,0.538,0.29,0.269,0.259,0.231,46.139,0.361,0.22,0.26,0.216,0.292
0,23.3,209,4.62,33.5,73.154,0.769,0.228,0.263,0.138,0.135,54.577,0.75,0.186,0.275,0.112,0.144
0,22.5,209,4.53,36,88.923,1,0.372,0.619,0.21,0.325,51.429,0.524,0.195,0.262,0.115,0.143
0,22.5,187,4.8,33.5,104,0.769,0.352,0.357,0.225,0.175,70.682,0.523,0.237,0.271,0.172,0.15
0,22.2,185,4.47,37.5,63.231,0.462,0.213,0.182,0.192,0.167,62.56,0.36,0.213,0.17,0.174,0.113
0,23.4,216,4.539,33.92,59.909,0.273,0.209,0.12,0.131,0.065,23.596,0.085,0.094,0.048,0.057,0.022
0,23,210,4.56,37,134.929,1,0.342,0.333,0.265,0.209,90.521,0.542,0.227,0.183,0.178,0.122
0,21.9,201,4.656,31.705,64.182,0.636,0.205,0.28,0.186,0.211,59.806,0.419,0.216,0.245,0.162,0.15
0,23.5,199,4.509,37.907,100.462,1.154,0.237,0.357,0.183,0.224,53,0.468,0.13,0.155,0.131,0.141
0,22.7,194,4.5,36,75.462,0.692,0.296,0.346,0.222,0.25,38.538,0.346,0.171,0.188,0.113,0.117
0,22.8,189,4.67,34.5,44.231,0.769,0.193,0.345,0.104,0.169,25.98,0.24,0.113,0.145,0.068,0.089
0,22,224,4.57,34.5,43,0.083,0.245,0.062,0.095,0.021,33.304,0.109,0.126,0.055,0.073,0.032
0,22.1,202,4.6,38.5,39.909,0.182,0.131,0.062,0.071,0.03,39.25,0.146,0.18,0.101,0.095,0.038
0,23.9,203,4.63,34,86.385,0.769,0.271,0.256,0.215,0.167,60.02,0.4,0.234,0.222,0.169,0.143
0,22.9,184,4.48,40,92.929,1,0.337,0.452,0.223,0.311,72.043,0.652,0.235,0.273,0.155,0.169
0,23,199,4.57,35.249,53.231,0.615,0.22,0.286,0.128,0.167,37.234,0.426,0.14,0.18,0.082,0.098
0,23.5,182,4.568,32.148,51.75,0.583,0.196,0.28,0.127,0.175,52.816,0.449,0.23,0.262,0.148,0.162
0,23.9,243,4.553,33.92,19.385,0.308,0.08,0.143,0.047,0.083,15.217,0.152,0.056,0.063,0.032,0.034
0,25.7,204,4.502,33.477,93.846,0.615,0.318,0.286,0.207,0.14,46.708,0.375,0.163,0.182,0.116,0.11
0,22.6,207,4.539,33.034,117.077,1.385,0.302,0.45,0.213,0.237,93.789,1.053,0.3,0.417,0.194,0.228
0,22.7,220,4.47,36.5,88.231,0.692,0.313,0.375,0.2,0.196,85.721,0.86,0.258,0.336,0.176,0.221
1,22.8,196,4.61,38.5,127.923,1.077,0.36,0.341,0.188,0.141,80.08,0.6,0.297,0.323,0.179,0.14
0,22.9,190,4.39,38.5,98.154,0.615,0.533,0.571,0.485,0.229,52.87,0.413,0.232,0.268,0.125,0.112
0,23.2,220,4.55,34,91.333,0.917,0.39,0.579,0.234,0.262,74.304,0.674,0.274,0.365,0.147,0.136
0,21.3,215,4.36,39.5,63.077,0.385,0.443,0.455,0.142,0.089,32.842,0.237,0.254,0.273,0.066,0.051
1,22.5,216,4.553,34.363,58.615,0.615,0.323,0.421,0.156,0.17,76.05,0.55,0.352,0.367,0.203,0.175
0,24.3,192,4.619,30.819,128.556,1.111,0.255,0.345,0.173,0.169,95.542,0.938,0.255,0.308,0.175,0.176
0,21.3,210,4.55,31,65.5,0.571,0.43,0.381,0.183,0.143,40.85,0.325,0.225,0.245,0.115,0.098
0,23.5,211,4.5,36.5,65.231,0.538,0.285,0.233,0.145,0.123,47.184,0.421,0.25,0.242,0.12,0.119
0,23,188,4.41,33.5,58.231,0.538,0.243,0.219,0.166,0.167,31.587,0.261,0.114,0.107,0.076,0.071
0,23,211,4.67,36,92.769,0.538,0.385,0.333,0.272,0.2,59.553,0.316,0.289,0.231,0.261,0.244
1,22.7,183,4.451,33.477,79.846,0.538,0.408,0.467,0.348,0.32,70.62,0.48,0.338,0.387,0.249,0.235
0,22.7,198,4.41,33.5,102.308,0.692,0.404,0.409,0.292,0.225,68.694,0.583,0.299,0.368,0.204,0.207
0,22.6,172,4.36,38,55.364,0.273,0.219,0.143,0.138,0.077,43.796,0.265,0.183,0.148,0.122,0.088
0,22.7,179,4.55,36,50.154,0.231,0.166,0.111,0.132,0.07,51.277,0.362,0.158,0.149,0.122,0.094
0,23.9,187,4.36,39,55.077,0.077,0.199,0.036,0.14,0.022,30.667,0.167,0.11,0.084,0.064,0.037
0,22.7,182,4.42,38,93.083,1,0.285,0.444,0.187,0.211,58.68,0.48,0.191,0.209,0.126,0.111
0,22.4,188,4.45,39.5,55.5,0.286,0.183,0.138,0.143,0.12,35.708,0.208,0.119,0.105,0.102,0.071
0,23.8,215,4.54,37.5,71.231,0.769,0.282,0.294,0.14,0.122,52.064,0.383,0.221,0.231,0.108,0.075
0,22.4,219,4.55,36.5,21.818,0,0.061,0,0.04,0,46.955,0.341,0.135,0.13,0.089,0.069
0,24,201,4.5,35,64.571,0.214,0.286,0.143,0.16,0.064,48.327,0.145,0.26,0.123,0.129,0.045
0,22.4,199,4.46,33,65.077,0.231,0.26,0.176,0.162,0.07,52.791,0.302,0.2,0.157,0.118,0.079
0,22.7,224,4.68,38,86.909,1,0.189,0.355,0.153,0.229,57.18,0.64,0.189,0.32,0.134,0.169
0,23.4,211,4.59,31.5,93.286,0.857,0.307,0.414,0.215,0.24,48.745,0.49,0.173,0.263,0.117,0.137
0,23.1,216,4.54,37,101.154,0.923,0.431,0.48,0.282,0.279,73.077,0.718,0.317,0.4,0.204,0.239
0,22.9,219,4.4,33,67.583,0.667,0.291,0.381,0.179,0.205,32.233,0.3,0.104,0.134,0.063,0.072
0,23.4,192,4.48,32.5,82.143,0.786,0.328,0.367,0.18,0.375,52.978,0.391,0.196,0.175,0.129,0.13
0,22.8,217,4.62,36,113.667,0.667,0.405,0.4,0.206,0.163,86.269,0.5,0.343,0.31,0.167,0.122
0,23.8,210,4.495,33.92,52.308,0.615,0.167,0.276,0.124,0.205,46.48,0.44,0.16,0.204,0.114,0.139
0,23.4,200,4.48,31.262,81.538,0.846,0.321,0.423,0.198,0.216,44.231,0.404,0.178,0.253,0.114,0.129
0,23.6,225,4.53,35.5,53.769,0.308,0.294,0.182,0.132,0.075,37.14,0.233,0.147,0.116,0.075,0.05
0,24.2,208,4.69,35,147,1.308,0.436,0.425,0.32,0.293,97.372,0.744,0.292,0.274,0.207,0.177
0,22.4,174,4.34,32,99.154,0.923,0.294,0.267,0.29,0.227,65.635,0.558,0.223,0.242,0.187,0.164
1,21.2,214,4.57,36,108.077,1.385,0.336,0.45,0.21,0.273,77.436,0.692,0.283,0.3,0.175,0.172
0,22.4,216,4.42,37,64.833,0.417,0.194,0.143,0.164,0.145,64.833,0.417,0.194,0.143,0.164,0.145
0,22.2,196,4.44,39.5,90.25,0.75,0.27,0.257,0.164,0.164,59.92,0.64,0.205,0.262,0.131,0.168
0,21.3,201,4.51,33.5,65.077,0.846,0.231,0.282,0.163,0.216,77.105,0.842,0.283,0.302,0.183,0.213
0,22.2,210,4.473,33.034,67.9,0.3,0.152,0.077,0.104,0.048,51.021,0.511,0.192,0.247,0.126,0.155
0,23.9,208,4.52,32.5,140.923,0.923,0.409,0.343,0.246,0.164,65.373,0.529,0.211,0.241,0.121,0.105
1,21.3,206,4.627,34.733,81.889,0.667,0.295,0.462,0.165,0.226,77.879,0.515,0.327,0.37,0.198,0.174
0,22.7,183,4.27,39.236,26.154,0.231,0.099,0.115,0.084,0.102,27.28,0.14,0.109,0.086,0.083,0.054
0,22.5,189,4.45,37,95.692,0.846,0.312,0.407,0.246,0.245,61.102,0.327,0.223,0.188,0.187,0.126
0,22.8,193,4.52,34.5,124.769,1.923,0.37,0.556,0.246,0.379,82.513,1.051,0.26,0.387,0.175,0.24
0,21.8,173,4.58,32,40.846,0.692,0.17,0.31,0.102,0.18,30.75,0.325,0.139,0.183,0.083,0.089
0,22.3,206,4.38,34,68.538,0.538,0.289,0.259,0.166,0.2,65,0.564,0.279,0.272,0.143,0.132
0,23.9,229,4.55,35.5,65.923,0.231,0.318,0.188,0.162,0.052,44.462,0.308,0.248,0.267,0.122,0.075
0,23,204,4.53,33,116,1.083,0.3,0.371,0.187,0.159,103.76,0.96,0.326,0.421,0.195,0.179
0,21.3,194,4.38,33.5,73.769,0.846,0.158,0.289,0.119,0.162,68.263,0.632,0.168,0.229,0.12,0.128
0,23.1,189,4.47,36.5,67.857,0.643,0.238,0.243,0.145,0.13,48.769,0.404,0.192,0.171,0.115,0.1
0,23.1,204,4.43,31.5,62.692,0.462,0.271,0.333,0.166,0.167,41.7,0.3,0.135,0.154,0.078,0.072
0,22.9,205,4.34,37,70.231,0.615,0.222,0.286,0.125,0.108,61.118,0.471,0.206,0.209,0.124,0.103
0,22.4,207,4.641,29.047,67.615,0.385,0.145,0.132,0.107,0.074,39.306,0.163,0.133,0.087,0.084,0.045
0,22.8,212,4.56,29.5,111.25,0.417,0.369,0.217,0.263,0.143,55.961,0.353,0.18,0.151,0.119,0.082
0,23.5,214,4.473,36.578,26.692,0.308,0.152,0.19,0.067,0.078,18.388,0.143,0.076,0.067,0.042,0.037
0,23.5,207,4.546,35.692,25.917,0.333,0.143,0.235,0.09,0.143,23.149,0.191,0.109,0.129,0.066,0.069
0,20.9,194,4.51,34.5,90.333,0.556,0.18,0.192,0.167,0.156,97.182,0.697,0.285,0.307,0.23,0.219
1,21.2,211,4.43,34,112.615,0.923,0.338,0.308,0.223,0.185,94.194,0.75,0.272,0.241,0.191,0.151
1,21,231,4.53,37,107.231,0.923,0.304,0.3,0.198,0.164,96.115,0.654,0.287,0.25,0.175,0.116
1,21.8,198,4.43,38.5,88.615,0.615,0.353,0.348,0.204,0.133,58.5,0.3,0.292,0.214,0.153,0.076
1,20.9,189,4.33,36,133.077,1.231,0.357,0.421,0.32,0.34,86.105,0.632,0.267,0.296,0.223,0.194
1,23.5,240,4.61,32.5,72.214,1.071,0.229,0.357,0.138,0.179,53.786,0.679,0.182,0.275,0.104,0.117
0,22.7,192,4.52,38,71.909,0.364,0.249,0.2,0.142,0.082,101.528,0.806,0.352,0.296,0.226,0.192
1,22.1,212,4.46,35.5,113.615,0.538,0.499,0.467,0.32,0.146,73.706,0.471,0.375,0.414,0.216,0.161
0,22.3,175,4.4,38,111.917,0.833,0.449,0.476,0.302,0.323,73.091,0.636,0.236,0.28,0.165,0.191
1,21.6,212,4.56,39.5,132.231,1.846,0.335,0.49,0.242,0.343,116.577,1.462,0.324,0.437,0.228,0.299
0,21.8,215,4.524,36.578,91.333,0.75,0.298,0.25,0.179,0.148,63.812,0.531,0.196,0.236,0.116,0.115
1,21,220,4.6,39,119.333,0.5,0.46,0.286,0.28,0.14,70.829,0.486,0.28,0.309,0.169,0.15
1,21.7,205,4.77,28.5,91.769,0.769,0.366,0.435,0.201,0.167,45.225,0.375,0.226,0.268,0.114,0.096
0,22.8,206,4.51,35.5,87.692,0.923,0.301,0.375,0.159,0.162,48.286,0.49,0.176,0.173,0.09,0.083
0,21,221,4.4,39.5,72.154,0.462,0.255,0.25,0.152,0.13,62.395,0.526,0.27,0.351,0.153,0.168
0,24.4,179,4.34,36.5,99.833,1.167,0.397,0.452,0.217,0.229,94.083,0.944,0.414,0.5,0.225,0.235
0,23,197,4.45,39.5,64.583,0.667,0.235,0.267,0.133,0.14,41.737,0.421,0.18,0.205,0.108,0.11
0,23.4,213,4.51,34.5,54.538,0.692,0.217,0.36,0.121,0.148,42.522,0.304,0.13,0.131,0.08,0.067
0,22.6,211,4.42,39,63.692,0.538,0.191,0.179,0.125,0.108,36.595,0.351,0.109,0.116,0.07,0.07
0,24.9,198,4.48,33,47.333,0.583,0.176,0.233,0.096,0.121,26.02,0.245,0.102,0.119,0.054,0.052
0,23.7,199,4.64,35.5,79.923,0.692,0.456,0.474,0.262,0.265,59.609,0.435,0.248,0.27,0.171,0.168
0,23.4,198,4.55,37,85.4,0.7,0.278,0.333,0.181,0.171,59.204,0.327,0.221,0.205,0.142,0.096
0,23.7,195,4.5,30.5,83.154,0.538,0.422,0.318,0.191,0.158,59.245,0.434,0.295,0.261,0.142,0.097
0,22.2,193,4.48,35.5,77.667,0.75,0.275,0.31,0.166,0.18,48.214,0.476,0.18,0.22,0.123,0.123
0,22.1,188,4.48,33,85.231,0.692,0.334,0.333,0.222,0.282,47.627,0.373,0.172,0.19,0.112,0.121
0,22.2,225,4.45,35.789,62.75,1,0.294,0.48,0.14,0.245,31.143,0.306,0.158,0.192,0.068,0.076
0,23.6,192,4.46,39,100.375,0.75,0.34,0.429,0.232,0.24,59.667,0.333,0.256,0.241,0.176,0.128
0,23.2,219,4.42,37.5,131,1.167,0.453,0.452,0.283,0.281,97.841,1.045,0.358,0.422,0.226,0.265
0,22.6,201,4.531,36.135,0,0,0,0,0,0,6.468,0,0.03,0,0.015,0
0,23.6,163,4.46,41,108.375,1,0.186,0.229,0.107,0.098,66,0.511,0.178,0.179,0.103,0.079
0,24.5,185,4.49,37.021,105.615,0.692,0.426,0.429,0.281,0.188,53.02,0.333,0.236,0.198,0.13,0.083