Attack Points,Pred Goals,Pred Assist,Passes Received,Last 4 xG,Last 4xA
0,0.02,0.24,8.75,0.0225,0.1475
0,0.03,0.35,15.75,0.0425,0.2075
0,0.18,0.13,6.75,0.0275,0.0125
0,0.09,0.14,5.25,0.0175,0.0625
3,0.11,0.73,12.75,0.1025,0.295
0,0.06,0.03,0,0,0
0,0.36,0.51,14.75,0.12,0.2475
0,0.14,0.17,11.5,0.03,0.035
0,0,0.11,7.25,0,0.0225
0,0.04,0.06,7,0.0325,0.0875
0,0.15,0.12,3,0.12,0.02
0,0.13,0.03,4.75,0.0575,0.1625
0,0.13,0.06,4.75,0.115,0.02
0,0.11,0.01,12.75,0.0825,0.02
5,0.1,0.2,9.5,0.0675,0.08
0,0.38,0.06,11.5,0.2475,0.0675
0,0.15,0.45,11.25,0.0325,0.0525
0,0.03,0.01,4,0,0.0125
0,0.76,0.07,17.25,0.38,0.06
0,0.29,0.82,18,0.2525,0.365
0,0.4,0.33,11,0.2175,0.0825
3,0.21,0.15,12.25,0.2025,0.21
8,0.11,0.05,7.5,0.33,0.04
3,0.26,0.13,15.5,0.1375,0.06
7,0.12,0.14,22.75,0.0825,0.0975
0,0.2,0.09,12.75,0.1875,0.1075
6,0.23,0.19,8.75,0.21,0.23
5,0.48,0.13,9,0.4225,0.1575
3,0.62,0.01,12.75,0.375,0.015
0,0.11,0.24,16,0.06,0.1675
0,0.03,0.35,10.5,0.0475,0.1475
0,0.31,0.13,7.25,0.0725,0.035
0,0.04,0.18,7.25,0.0125,0.0375
6,0.1,0.45,12,0.07,0.1125
0,0.49,0.06,21.75,0.23,0.05
0,0.13,0.12,2.5,0,0.01
0,0.08,0.14,14,0.03,0.1025
3,0.4,0.32,12.5,0.1175,0.215
0,0.12,0.2,5.75,0.035,0.0575
0,0.4,0,13.25,0.2125,0.06
0,0.46,0.2,18.75,0.5025,0.075
9,0.61,0.38,27.75,0.5425,0.5825
3,0.23,0.46,21.5,0.13,0.0475
5,0.66,0.33,23.75,0.195,0.1475
0,0.74,0.57,15.5,0.575,0.0825
0,0.53,0.54,22.5,0.25,0.2675
6,0.35,0.4,10.5,0.165,0.1175
0,0.07,0.11,6,0,0.0275
11,0.3,0,4.5,0.035,0.035
16,0.52,0.17,10.25,0.3325,0.0275
5,0.8,0.41,6.75,0.1775,0.0125
0,0.05,0.05,5.75,0.02,0.0275
0,0,0.23,4,0,0.1425
0,0.25,0.29,7.5,0.015,0.1125
0,0.43,0.34,10.75,0.21,0.0725
3,0.17,0.02,12.75,0.0825,0.0625
11,0.06,0.23,19.25,0.0625,0.1225
0,0.29,0.04,14.5,0.0575,0.03
0,0.05,0.25,8.25,0.0025,0.08
0,0,0.01,4.5,0,0.015
19,0.76,0.14,11.25,0.3675,0.1975
5,0.1,0.68,11.75,0.18,0.2075
5,0.39,0.27,14.75,0.2575,0.0425
0,0.07,0.28,7.5,0.0375,0.09
0,0.61,0.16,9,0.675,0.0925
9,0.42,0.16,18,0.3625,0.0625
6,0.28,0.25,16.5,0.2325,0.1925
0,0,0.18,13.75,0,0.0775
0,0.06,0.74,16.5,0.0375,0.355
0,0,0,4.5,0,0.01
0,0.29,0.18,13.75,0.305,0.23
0,0.43,0.13,7.5,0.245,0.005
0,0,0.21,7.25,0.0075,0.0875
0,0.06,0.02,3.75,0.0875,0.0175
0,0.02,0.19,6.25,0.0325,0.0775
0,0.32,0.13,7.75,0.2125,0.0425
0,0.02,0.27,14.75,0.0325,0.1675
0,0.04,0.13,6.5,0.02,0.0175
0,0.04,0.04,8,0.0275,0.0725
0,0.06,0.63,18.25,0.1375,0.29
0,0,0.07,0.75,0,0.005
0,0.24,0.33,13.5,0.1325,0.1675
0,0.14,0.3,10,0.01,0.11
0,0,0.29,2,0,0.005
0,0.06,0.09,8.25,0.1525,0.07
0,0.21,0.12,2.5,0.135,0.015
0,0.12,0.22,10.25,0.06,0.0125
0,0.08,0.22,8,0.255,0.13
0,0.08,0.31,15.25,0.025,0.06
0,0.02,0,9.25,0.01,0.03
13,0.42,0.67,19.5,0.35,0.3225
0,0.3,0.23,14.25,0.19,0.0825
0,0.33,0.24,8.25,0.1,0.17
0,0.1,0.07,4,0.01,0.0275
0,0.16,0.03,5.25,0.485,0.0275
0,0.43,0.33,11.5,0.1,0.0375
0,0.16,0.24,17.25,0.1075,0.0775
0,0.08,0.06,12.5,0.025,0.1075
0,0.36,0.2,11.25,0.3975,0.165
10,0.4,0.14,11,0.36,0.0975
8,0.14,0.11,12.5,0.02,0.015
0,0.04,0.25,10.75,0.05,0.105
0,0,0,8,0.0725,0.0325
0,0.09,0.25,12.25,0.11,0.12
0,0.27,0.16,21.75,0.2,0.0725
0,0,0,2.75,0,0.0075
8,0.11,0.23,16.25,0.0375,0.1525
0,0.34,0.24,11.75,0.075,0.31
0,0.13,0.21,11.25,0.17,0.1275
0,0.06,0.13,9.75,0.035,0.0675
0,0.46,0.31,21.75,0.24,0.15
9,0.59,0.75,31.5,0.885,0.575
7,0.3,0.14,25.5,0.0875,0.0825
0,0,0,23.25,0.165,0.2225
0,0.47,0.33,16.25,0.335,0.0825
0,0.3,0.37,26,0.275,0.195
7,0.23,0.09,6.75,0.0225,0.0175
13,0.26,0.16,13.25,0.0425,0.1325
3,0.34,0.38,13,0.595,0.035
0,0.01,0.04,4.25,0.0125,0.03
0,0.05,0.34,12,0.0425,0.09
0,0.17,0.08,4.5,0.035,0.0275
5,0.41,0.17,17.25,0.14,0.1375
0,0.12,0.12,12.5,0.04,0.0275
0,0.01,0.11,9.75,0,0.08
0,0,0.01,4.75,0,0.0175
11,0.85,0.48,13.75,0.5675,0.245
10,0.13,0.32,11,0.18,0.225
0,0.05,0.1,13.25,0.0425,0.0825
0,0.67,0.15,8.75,0.74,0.075
7,0.34,0.32,18,0.3225,0.08
0,0.19,0.27,16.25,0.3875,0.4575
0,0.08,0.59,18.25,0.08,0.3125
13,0.26,0.26,15.5,0.1175,0.26
5,0.3,0.17,13.25,0.4825,0.0325
2,0.01,0.28,7,0,0.0575
0,0,0,6.5,0.1625,0.095
0,0.18,0.41,17.25,0.1375,0.12
5,0.46,0.32,27,0.315,0.24
0,0.35,0.22,16.5,0.0775,0.09
0,0.1,0.07,6.5,0.02,0.0925
3,0.34,0.34,12.75,0.1275,0.0525
0,0.09,0.06,6.25,0.05,0.07
0,0.13,0.21,10.75,0.15,0.12
0,0.7,0,2.75,0.035,0
0,0.17,0.13,10,0.05,0.07
0,0.34,0.26,17.75,0.1325,0.205
3,0.97,0.37,10.5,0.185,0.0825
0,0.11,0.2,12.25,0.08,0.0225
5,0.16,0.06,11.25,0.0475,0.1675
3,0.15,0.17,11.75,0.195,0.0375
0,0.08,0.16,6,0.02,0.2775
0,0.46,0,3.75,0.045,0.0125
6,0.15,0,10.25,0.0425,0.0125
0,0.27,0.11,9,0.18,0.08
0,0.02,0.15,6.5,0.025,0.0975
3,0.21,0.05,10.25,0.2325,0.02
0,0,0,1.5,0,0.005
0,0.04,0.04,7,0.02,0.06
0,0.26,0.37,15.25,0.135,0.195
0,0.16,0.01,4.25,0.055,0.01
0,0,0.08,2.25,0,0.0225
0,0.15,0.33,11.25,0.0275,0.115
5,0.08,0.1,9.25,0.14,0.075
0,0.25,0.14,3.75,0.0575,0.0125
7,0.08,0.2,9,0.21,0.1675
0,0.14,0.04,4,0,0.0175
0,0.12,0.02,5,0.05,0.0675
7,0.09,0.35,18.75,0.0475,0.05
0,0.03,0,11.25,0.0125,0.075
0,0.47,0.76,24.25,0.63,0.2925
0,0.29,0.21,9.5,0.1175,0.19
0,0.14,0.03,5,0.2825,0.02
0,0.14,0.21,20.5,0.2125,0.1075
0,0.42,0.24,12,0.355,0.12
0,0.79,0.02,12,0.4125,0.0275
0,0.18,0.24,15.25,0.0275,0.0375
0,0,0.01,3.5,0,0.0275
0,0.12,0.33,12.25,0.0975,0.04
0,0,0.01,3.5,0,0.01
0,0.28,0.02,6.5,0.1075,0.0125
0,0.57,0.43,12,0.065,0.3025
10,0.6,0.76,27,0.8175,0.3475
5,0.34,0.16,24.75,0.1825,0.08
4,0.52,0.38,24.5,0.295,0.1325
0,0.27,0.11,7,0.1875,0.025
16,0.31,0.19,24,0.1325,0.1575
0,0.41,0.46,16.25,0.5075,0.0425
0,0.02,0.05,4,0.0125,0.0275
6,0.07,0.48,13,0.0475,0.15
0,0.33,0.22,9.25,0.0525,0.0575
0,0.01,0.11,7.75,0.005,0.06
0,0,0.01,5,0,0.0125
0,0.12,0.3,8.25,0.1625,0.1275
3,0.82,0.46,12.75,0.6175,0.2425
0,0,0,3,0,0.02
0,0.45,0.44,19.25,0.3125,0.08
3,0.25,0.37,18.5,0.3425,0.4025
0,0.37,0.22,13.25,0.48,0.0675
0,0.32,0.32,17.25,0.25,0.235
0,0.04,0.02,5.25,0.07,0.0125
0,0.15,0,14.75,0.32,0.02
0,0.27,0.11,7,0.0125,0.08
0,0.02,0.22,14.25,0.03,0.12
8,0.02,0.15,6,0.0125,0.0575
4,0.21,0.05,12.75,0.2475,0.2375
0,0.04,0.13,5,0.0175,0.1275
10,0.06,0.62,22.5,0.02,0.2325
0,0.26,0.37,16.5,0.12,0.095
0,0.16,0.01,5.5,0.055,0.0575
7,0,0.08,2.75,0,0.03
3,0.15,0.33,13.25,0.02,0.19
6,0.08,0.1,10.25,0.1325,0.1275
0,0.25,0.14,4,0.025,0.0125
0,0.08,0.2,12.25,0.2375,0.1275
0,0.14,0.04,3.75,0,0.0325
0,0.12,0.02,6.25,0.0225,0.02
0,0.11,0.2,10.25,0.0625,0.02
0,0.09,0.35,23,0.1625,0.06
0,0.03,0,21.25,0.02,0.175
0,0.46,0,14,0.065,0.0275
0,0.47,0.76,33.75,0.6375,0.265
0,0.29,0.21,9.5,0.04,0.06
0,0.09,0.06,4.25,0.05,0.0675
5,0.14,0.03,5.5,0.255,0.02
0,0.14,0.21,18.5,0.2125,0.11
0,0.48,0.16,8.25,0.3325,0.0875
0,0.1,0.07,3.5,0.02,0.01
0,0.42,0.24,14.25,0.345,0.1075
0,0.79,0.02,10,0.33,0.0425
0,0.18,0.24,18,0.04,0.0375
0,0,0.01,5.25,0,0.06
0,0.12,0.33,11,0.085,0.0375
3,0.2,0,5.75,0.075,0.0225
0,0,0.01,3.75,0,0.01
0,0.28,0.02,5.25,0.115,0.0125
0,0.5,0.03,4.25,0.1275,0.005
0,0.18,0.41,13.75,0.1025,0.0925
0,0.13,0.21,8.25,0.1325,0.1125
0,0.06,0.13,12.5,0.06,0.045
0,0.14,0.26,5.25,0.035,0.0425
0,0.6,0.76,22.75,0.75,0.4725
0,0.46,0.32,20.5,0.3675,0.18
3,0.34,0.16,26.25,0.185,0.1225
0,0.08,0.16,5.25,0.0075,0.2675
3,0.52,0.38,30.5,0.2825,0.375
5,0.33,0.42,37,0.1125,0.425
0,0.34,0.34,8.75,0.05,0.1825
0,0.27,0.11,7,0.1875,0.03
0,0.31,0.19,30.25,0.535,0.3225
0,0.97,0.37,19.25,0.185,0.2775
0,0.7,0,5.75,0.0375,0.005
0,0.02,0.05,3.25,0.0075,0.01
0,0.07,0.48,13.25,0.0525,0.28
0,0.33,0.22,11,0.0575,0.02
0,0.34,0.14,19.25,0.5725,0.1275
0,0.1,0.1,13.25,0.0875,0.0475
0,0.01,0.11,8,0.005,0.0625
0,0,0.01,6,0.01,0.0175
6,0.12,0.3,13.25,0.1525,0.185
10,0.82,0.46,16,0.5925,0.08
9,0.06,0.14,14,0.02,0.0325
0,0.9,0.2,13.75,0.4325,0.0625
0,0,0,4.25,0,0.02
0,0.45,0.44,21.5,0.1875,0.14
0,0.25,0.37,19,0.4,0.3375
0,0,0,5,0,0.0075
0,0.09,0.74,14.5,0.0775,0.12
0,0.32,0.32,17.5,0.225,0.2425
0,0,0.22,11,0,0.1
0,0.15,0.17,16.25,0.2075,0.08
0,0.47,0.04,15.25,0.2825,0.0275
0,0.03,0.23,9.5,0.2825,0.1425
0,0.21,0.35,17.75,0.245,0.455
0,0.05,0.15,4.75,0.0475,0.13
0,0.26,0.22,10.75,0.1625,0.17
0,0.08,0.53,21,0.245,0.285
0,0.04,0.28,13,0.0325,0.2125
0,0,0.06,2.75,0.0175,0.0325
0,0.15,0.03,7.25,0.055,0.06
0,0.2,0.23,18,0.0525,0.085
0,0.05,0.18,12.5,0.1325,0.1975
0,0.19,0.1,7,0.025,0.075
0,0.64,0.16,10.5,0.3725,0.18
0,0.15,0.23,12.25,0.09,0.0425
0,0,0.07,4.25,0.2325,0.04
0,0.13,0.03,6,0.0175,0.0275
0,0.08,0.22,11.5,0.23,0.1275
0,0.46,0.1,11,0.0525,0.0325
0,0.31,0.36,25.25,0.1625,0.0775
0,0.05,0,22.5,0.025,0.1825
0,0.08,0.27,17,0.045,0.0975
6,0.4,0.33,25.25,0.135,0.2325
3,0.59,1.09,37.75,0.575,0.1225
0,0.2,0.25,11.75,0.0525,0.065
0,0.13,0.02,6,0.45,0.0225
0,0.12,0.08,4.75,0.0725,0.0525
0,0.17,0.24,15.75,0.2125,0.0975
0,0.04,0.09,9,0.0225,0.0425
0,0.02,0.06,4.75,0.0075,0.02
0,0.36,0.19,11.75,0.4,0.1275
0,0.84,0.02,11.75,0.2525,0.0475
0,0.02,0.22,5.75,0.03,0.1
7,0.17,0.11,8,0.0525,0.12
0,0,0.01,3.75,0,0.0575
0,0.13,0.29,9.25,0.09,0.03
0,0.28,0.21,9.25,0.0275,0.0725
0,0.38,0.02,5.75,0.1125,0.0075
0,0,0.02,4.25,0,0.01
6,0.25,0.04,5.75,0.055,0.0125
0,0.1,0.22,14.75,0.13,0.1175
0,0.34,0.57,10,0.3625,0.2825
0,0.12,0.15,4.25,0.1275,0.0175
0,0.08,0.11,11.75,0.0325,0.0825
0,0.13,0.14,8.75,0.185,0.0875
8,0.58,0.69,18.75,0.74,0.42
0,0.38,0.22,17.25,0.335,0.155
0,0.35,0.26,22,0.275,0.1375
0,0.05,0.24,2.25,0.0125,0.03
0,0.34,0.4,18.5,0.345,0.11
3,0.41,0.74,26.5,0.085,0.315
5,0.46,0.44,37.25,0.12,0.3425
0,0.15,0.22,8.25,0.04,0.19
0,0.18,0.04,7.5,0.1875,0.0325
3,0.49,0.26,28,0.5375,0.255
0,0.23,0.29,23,0.47,0.06
0,0.36,0.01,7.75,0.0325,0.0175
3,0.08,0.48,13.5,0.04,0.2175
0,0.25,0.12,14.25,0.0975,0.0175
0,0.19,0.11,5,0.195,0.025
0,0.33,0.11,16.75,0.5575,0.08
0,0.1,0.11,14.75,0.0525,0.0425
0,0.01,0.01,6.25,0.0075,0.0175
0,0.39,0.21,13,0.0625,0.03
0,0.12,0.3,11.5,0.05,0.2
0,0.69,0.21,15.25,0.52,0.065
0,0.05,0.11,12.25,0.0775,0.07
0,0.62,0.14,10.25,0.42,0.0575
0,0,0,4,0,0.02
0,0.31,0.31,16,0.1,0.14
0,0.25,0.27,15.5,0.27,0.31
0,0.34,0.18,18.25,0.36,0.1375
0,0.28,0.31,18.25,0.225,0.23
0,0.44,0.17,8,0.1625,0.0225
0,0,0.23,11,0,0.0975
0,0.02,0.04,5,0.0375,0.0125
0,0,0.08,9.5,0,0.2
0,0.2,0.12,9.25,0.275,0.1425
0,0.34,0,5.75,0.135,0.015
0,0.09,0.08,5.25,0.0575,0.1325
3,0.26,0.29,10.75,0.245,0.1825
0,0.19,0.48,18.75,0.24,0.4375
8,0.07,0.38,10.25,0.05,0.1325
0,0.05,0.05,3,0.0175,0.0275
3,0.09,0.04,6.5,0.055,0.06
0,0.16,0.15,16.25,0.0325,0.0775
0,0.03,0.24,10.5,0.0075,0.2025
0,0.03,0.05,7.25,0.0125,0.075
0,0.39,0.3,13,0.3575,0.2025
0,0.17,0.02,14.75,0.09,0.05
0,0.03,0.23,12.5,0.0325,0.07
0,0.13,0.12,11.25,0.01,0.0375
0,0.14,0.26,20.5,0.1625,0.0675
0,0.03,0.04,22.5,0.0175,0.205
0,0.06,0.23,14.25,0,0.0575
0,0.76,0.27,12.75,0.195,0.0275
0,0.48,0.39,37,0.4325,0.1175
0,0.25,0.36,25.25,0.2675,0.2375
5,0.13,0.19,17.25,0.155,0.1125
0,0.13,0.09,5.75,0.0625,0.0475
3,0.06,0.08,8.25,0.27,0.11
0,0.07,0.07,13.25,0.0525,0.0625
0,0.02,0.08,10.25,0.02,0.06
0,0.03,0,5,0.0125,0.0175
7,0.21,0.29,13.75,0.3775,0.16
0,0.71,0.02,13,0.36,0.0475
3,0.02,0.19,6.75,0.01,0.0925
0,0.08,0.16,14.75,0.07,0.2225
0,0,0.01,5.75,0,0.0625
0,0,0.02,4,0,0.0075
0,0.33,0.03,7.75,0.2075,0.0175
0,0.12,0.05,10.75,0.05,0.0825
5,0.49,0.29,14.75,0.3325,0.2425
13,0.48,0.47,15.75,0.7875,0.315
0,0.1,0.18,13.25,0.0375,0.07
7,0.48,0.85,29.75,0.2225,0.3925
9,0.32,0.72,32.75,0.1025,0.5625
0,0.1,0.14,8,0.02,0.19
0,0.23,0.06,6.75,0.165,0.03
6,0.61,0.34,24.25,0.5925,0.1775
0,0.27,0.56,19.75,0.0775,0.32
3,0.21,0.01,6.75,0.025,0.0125
0,0.21,0.83,12,0.045,0.1875
0,0.48,0.05,14,0.1075,0.02
0,0.26,0.17,4,0.1875,0.0125
0,0.56,0.23,13,0.4,0.0725
8,0.1,0.01,6,0.1,0.0225
4,0.15,0.24,14.25,0.0675,0.26
7,0.31,0.08,21,0.2275,0.0975
0,0.19,0.13,9.5,0.0975,0.0725
0,0.02,0.08,4.5,0.0125,0.0225
0,0.34,0.18,15.75,0.16,0.12
0,0.43,0.41,14.75,0.3025,0.1175
0,0.04,0.18,7.25,0.0275,0.2025
0,0.46,0.29,14,0.1275,0.1125
0,0.28,0.42,18.25,0.2075,0.1425
0,0,0,3.5,0,0.005
4,0.06,0.04,3.75,0.0275,0.0125
8,0,0.21,9,0,0.0925
0,0,0.16,9.75,0,0.2075
0,0.06,0.06,7,0.0575,0.0775
9,0.26,0.31,12.25,0.2,0.285
0,0.26,0,5.25,0.12,0.0175
0,0.16,0.39,15.75,0.2225,0.3525
3,0.19,0.5,10.25,0.13,0.1575
0,0.05,0.05,3.25,0.0175,0.015
0,0.1,0.12,8,0.0125,0.1025
0,0.02,0.17,13.25,0.0125,0.0825
0,0.17,0.15,8.75,0.2025,0.0275
3,0.02,0.21,9.25,0,0.1975
3,0.03,0.04,6.5,0.015,0.075
0,0.33,0.23,11.5,0.1925,0.175
0,0.38,0.12,3.25,0.26,0.04
0,0.07,0,6,0.0275,0.0375
0,0.16,0.14,20.5,0.1325,0.0825
0,0.04,0.04,23,0.025,0.175
0,0.06,0.24,12,0,0.035
0,0.5,0.32,17.25,0.345,0.05
0,0.59,0.51,35,0.115,0.095
0,0.09,0.07,9.25,0.015,0.0175
3,0.2,0.14,11,0.0525,0.0475
0,0.06,0.11,6.5,0.235,0.1275
0,0.16,0.09,4.75,0.025,0.01
0,0.03,0,6.75,0.0125,0.0225
0,0.32,0.27,14.75,0.1925,0.1075
5,0.68,0.03,10.5,0.215,0.03
0,0.01,0.12,6.75,0.01,0.1
0,0.12,0.14,12.25,0.08,0.11
0,0,0.01,6,0,0.0525
0,0.08,0.13,9,0.03,0.0425
0,0,0.01,4,0,0.0125
0,0.17,0.05,7.25,0.2075,0.0275
0,0.05,0.03,10.75,0.0425,0.1
0,0.44,0.01,14,0.0425,0.185
7,0.56,0.19,15.5,0.36,0.1875
0,0.69,0.86,16,0.96,0.265
0,0.19,0.12,12.5,0.0575,0.13
3,0.48,0.28,34.75,0.2875,0.1625
0,0.39,0.98,26.75,0.365,0.3575
0,0.34,0.54,25.25,0.2575,0.5225
0,0.2,0.08,7.75,0,0.035
5,0.68,0.46,21.5,0.805,0.1675
3,0.11,0.06,7.25,0.025,0.015
6,0.08,0.45,15,0.0375,0.1725
0,0.2,0.07,14.5,0.1025,0.02
0,0.23,0.1,4,0.0075,0.01
0,0.19,0.14,4.25,0.0375,0.0825
0,0.51,0.1,8,0.06,0.0725
0,0.15,0.01,10,0.2425,0.0375
0,0.16,0.28,15.75,0.09,0.3575
0,0.01,0.05,3.25,0.0125,0.015
0,0.21,0.34,15.5,0.165,0.155
0,0.32,0.26,15.5,0.435,0.1075
0,0.03,0.13,12,0.03,0.2175
0,0.42,0.35,18,0.18,0.19
0,0.19,0.31,20.5,0.0675,0.105
0,0.1,0.12,3.75,0.04,0.1825
8,0.02,0.43,6.25,0.0125,0.12
3,0.82,0.11,7.25,0.5775,0.0275
0,0,0.09,12.75,0.0125,0.2225
0,0.06,0.03,11.5,0.065,0.1075
0,0.27,0,4.75,0.09,0.015
0,0.18,0.4,12.25,0.1675,0.265
0,0.34,0.18,11.25,0.11,0.2525
3,0.26,0.46,8.25,0.1525,0.105
0,0.11,0.12,8,0.0075,0.07
0,0.02,0.18,12.75,0.0175,0.0825
0,0.27,0.25,8.75,0.18,0.0275
0,0.01,0.37,6.25,0,0.1925
0,0.03,0.09,6.5,0.015,0.09
0,0.45,0.36,8.25,0.1075,0.1425
3,0.51,0.2,4,0.27,0.0125
0,0.03,0.28,8,0.03,0.0525
0,0.19,0.17,10.75,0.0575,0.04
6,0.23,0.11,24.75,0,0.085
0,0.05,0.06,15.75,0.02,0.0775
3,0.45,0.5,22.25,0.2825,0.1625
12,0.6,0.86,34.25,0.14,0.155
0,0.11,0.09,9.75,0.0275,0.015
8,0.07,0.18,6.25,0.245,0.1475
0,0.18,0.18,10.75,0.06,0.0475
0,0.02,0.01,7.25,0.0125,0.0225
0,0.05,0.13,11.75,0.03,0.12
0,0.38,0.31,11.75,0.4025,0.11
0,0.15,0.03,8.25,0.08,0.03
0,0.11,0.16,8.75,0.0275,0.035
0,0,0.01,3.75,0,0.01
0,0.38,0.07,7.25,0.29,0.0275
0,0.44,0.54,18.5,0.3,0.305
0,0.24,0.14,21,0.1925,0.2
6,0.73,0.16,21.25,0.27,0.21
0,0.58,0.9,15.25,0.73,0.125
0,0.37,0.18,14.75,0.075,0.1325
3,1.17,0.72,31.75,0.22,0.2325
0,0.41,1.06,23.25,0.205,0.435
0,0.08,0.12,9,0.0175,0.03
0,0.12,0.06,9.5,0.0075,0.045
4,0.71,0.32,21.25,0.8275,0.1725
0,0.19,0.25,10.5,0.23,0.05
0,0.12,0.1,6.25,0.02,0.0425
0,0.06,0.3,3.25,0.0225,0.0075
0,0.06,0.39,13.75,0.2325,0.085
0,0.19,0.06,11.5,0.1075,0.02
0,0.27,0.14,5.25,0.015,0.0175
8,0.48,0.06,9.5,0.05,0.065
0,0.05,0.05,9.75,0.0175,0.03
0,0.19,0.31,15.5,0.115,0.34
8,0.48,0.17,19,0.24,0.0875
0,0,0.15,8,0,0.0125
0,0.01,0.06,3.25,0.0125,0.015
0,0.32,0.2,11.5,0.315,0.07
0,0.03,0.14,11.25,0.03,0.2175
6,0.35,0.29,16.75,0.1625,0.1825
0,0.07,0.16,13.5,0.0125,0.05
6,0.21,0.26,18.25,0.0625,0.105
6,0.13,0.09,8.25,0.1175,0.0225
5,0.1,0.09,5.25,0.08,0.1825
4,0.01,0.53,6.25,0.01,0.1275
3,0.42,0.2,11.25,0.54,0.0425
0,0,0.11,9,0.03,0.11
0,0.08,0.04,10.75,0.05,0.0675
0,0.02,0,8.25,0.0225,0.0425
0,0.17,0,5,0.0575,0.015
0,0.12,0.25,13,0.035,0.24
0,0.23,0.39,11.5,0.18,0.2225
0,0.05,0.04,4.25,0.0125,0.0125
0,0.02,0.16,11.25,0.0175,0.0875
0,0.2,0.18,7.75,0.135,0.02
0,0.01,0.27,6.75,0,0.135
0,0.03,0.07,3,0.0875,0.0225
4,0.36,0.28,8.5,0.1075,0.105
3,0.16,0.13,9.75,0.0925,0.0375
0,0.41,0.16,4.75,0.05,0.0625
0,0.03,0.25,7,0.0275,0.0925
0,0.15,0.07,24,0,0.165
0,0.03,0.04,16.25,0.03,0.0925
0,0.38,0.54,31.75,0.39,0.1825
3,0.1,0.09,7.25,0.0125,0.0075
0,0.07,0.18,5.5,0.2625,0.18
0,0.17,0.18,11.5,0.0375,0.11
0,0.01,0,6.75,0.0225,0.015
0,0.02,0.07,9,0.0025,0.03
0,0.3,0.3,11.75,0.19,0.1
0,0.74,0,11.75,0.3225,0.0425
0,0.05,0.15,10.5,0.015,0.1275
0,0.41,0.34,14,0.3575,0.1
0,0,0.13,5,0,0.1125
3,0.16,0.25,10,0.0225,0.0525
0,0.34,0.06,8.5,0.34,0.03
0,0.21,0.12,21,0.1825,0.1875
0,0.37,0.45,20.25,0.3675,0.3825
0,0.28,0.04,20.75,0.17,0.105
0,0.16,0.07,12.75,0.0475,0.05
0,0,0.11,18.25,0.01,0.1525
5,0.72,0.16,25,0.315,0.2175
5,0.55,0.86,18.25,0.7625,0.07
0,0.26,0.27,39,0.33,0.2075
0,0.18,0.08,13.75,0.055,0.1325
15,0.27,0.73,27.25,0.3325,0.46
0,0.08,0.12,12,0.0175,0.0325
0,0.12,0.06,10,0.0075,0.045
13,0.7,0.32,19.75,0.69,0.22
9,0.27,0.32,12.75,0.225,0.035
7,0.13,0.1,5.5,0.035,0.035
0,0.07,0.33,3.5,0.0275,0.005
0,0.07,0.41,11,0.2325,0.0875
0,0.2,0.06,9,0.0525,0.0175
0,0.36,0.08,9,0.1275,0.095
0,0.27,0.14,5,0.0075,0.015
0,0.47,0.06,11.5,0.065,0.12
4,0.05,0.04,12.75,0.0125,0.0325
0,0.15,0.04,15.75,0.235,0.055
11,0.17,0.28,21.25,0.3,0.345
5,0.43,0.15,25,0.1675,0.2275
3,0,0.16,9.75,0.0275,0.0175
0,0.01,0.06,4.25,0.0125,0.02
0,0.41,0.05,8.25,0.12,0.0075
0,0.3,0.18,10.75,0.305,0.0625
4,0.4,0.35,12.25,0.1075,0.12
7,0.03,0.16,9,0.0475,0.105
0,0.08,0.2,12,0,0.075
0,0.25,0.31,17,0.045,0.1425
0,0.13,0.1,7.5,0.1925,0.02
0,0.08,0.08,4,0.2525,0.1375
0,0.01,0.51,6,0.01,0.14
0,0.44,0.22,10.5,0.44,0.035
0,0.03,0.07,6.75,0.03,0.08
0,0.17,0,4.5,0,0.0125
1,0.17,0.24,13.25,0.035,0.0475
0,0,0,12.5,0.245,0.2625
0,0,0,10.75,0.0725,0.085
0,0,0.2,6.5,0,0.205
0,0.11,0.06,3,0.0875,0.0275
3,0.11,0.29,6.25,0.0925,0.0825
0,0.23,0.22,9,0.1,0.04
0,0.12,0,4.5,0.0425,0.0425
0,0,0,27,0,0.175
0,0,0,15,0.0375,0.07
0,0,0,16.25,0.1175,0.3275
0,0,0,29.25,0.4125,0.1925
6,0.21,0.06,8.25,0.2925,0.0175
7,0.05,0.22,4.75,0.2625,0.1425
0,0.08,0.13,12.25,0.0425,0.2
0,0,0,6.5,0.0125,0.01
0,0,0,8.75,0.0025,0.0175
0,0,0,8.25,0.1975,0.0725
0,0,0,10,0.2225,0.0425
0,0.05,0.23,10,0.02,0.145
5,0.41,0.22,14,0.4575,0.0825
0,0.2,0.19,17,0.1125,0.075
0,0,0.02,5.25,0,0.0175
0,0.35,0.04,6,0.17,0.025
0,0.47,0,12,0.2325,0.0825
0,0.05,0.78,12.25,0.3125,0.33
3,0.34,0.09,16.75,0.3675,0.1025
0,0.22,0.06,13.25,0.03,0.165
0,0.03,0.06,17,0,0.06
0,0.05,0.1,15.25,0.02,0.0675
0,0.53,0.38,24,0.575,0.1125
0,0.54,0.11,23.75,0.415,0.09
0,0,0,31.75,0.3175,0.2125
0,0,0,8.25,0.0425,0.11
15,0,0,23,0.33,0.415
0,0.45,0.23,20.5,0.83,0.275
5,0.18,0.13,6.5,0.06,0.04
0,0.04,0.31,3.5,0.02,0.0075
0,0.07,0.21,10.5,0.21,0.075
0,0.25,0.36,12.5,0.1575,0.1325
0,0.12,0.09,15.75,0.13,0.1025
0,0.02,0.02,6,0.0075,0.0375
0,0.14,0.07,15.5,0.09,0.1125
0,0.06,0.07,14,0.0225,0.08
0,0.12,0.03,15.75,0.1425,0.0525
0,0.34,0.31,21.25,0.2825,0.4025
0,0.31,0.26,25,0.3075,0.1675
3,0.05,0.26,12.75,0.0275,0.2175
3,0.16,0.08,4,0.155,0.02
21,0.28,0.08,10,0.1725,0.025
5,0.47,0.73,14.25,0.1075,0.1925
0,0.12,0.16,9.5,0.23,0.055
6,0.12,0.32,12.25,0.1525,0.1175
0,0.13,0.43,17.25,0.025,0.1625
0,0.06,0.04,5.25,0.255,0.145
0,0.03,0.4,7.25,0.02,0.1775
0,0.39,0.16,11,0.4775,0.04
3,0.03,0.1,5.75,0.03,0.0425
14,0.29,0.39,10.5,0.1575,0.0225
0,0.07,0.1,11.25,0.0425,0.12
3,0.16,0,6.25,0.005,0.025
0,0.13,0.04,9.75,0.0375,0.06
0,0.09,0.39,16.25,0.035,0.1325
0,0.31,0.57,13.25,0.1925,0.3
8,0.06,0.08,10,0.0975,0.0525
0,0.02,0,4.5,0.0075,0.0225
0,0.01,0.1,15,0.0575,0.0825
0,0.2,0.05,5.5,0.0275,0.02
0,0.14,0.04,2.5,0.0725,0.025
0,0.15,0.28,5.5,0.04,0.0925
0,0.22,0.23,4,0.0275,0.07
0,0,0,28.25,0,0.2075
0,0.08,0,13.75,0.03,0.0625
0,0.39,0.27,28.25,0.5125,0.2225
0,0.26,0.17,9,0.2975,0.095
0,0.04,0.29,4.25,0.46,0.1225
4,0.31,0.27,10,0.2775,0.03
0,0.06,0.15,12.75,0.0125,0.1975
3,0.01,0,7.5,0.005,0.015
0,0.61,0.05,10.75,0.2975,0.05
0,0.1,0.11,20,0.095,0.1425
0,0.53,0.21,13.25,0.6,0.0575
0,0,0.02,6.25,0,0.0125
0,0.09,0.07,8.5,0.0375,0.09
3,0.15,0.06,11.75,0.0825,0.125
0,0.39,0.04,8,0.175,0.0225
6,0.49,0,11.75,0.1875,0.0275
4,0.06,0.98,15.5,0.2975,0.225
0,0.46,0.13,19.75,0.3925,0.14
0,0.23,0.09,13.75,0.0575,0.1525
0,0.07,0.15,14.25,0,0.05
0,0.72,0.47,22,0.24,0.1125
10,0.57,0.16,22.25,0.31,0.0775
0,0.25,0.35,17,0.1225,0.17
0,0.41,0.37,21.25,0.2575,0.3375
0,0.2,0.53,14.75,0.0275,0.1025
3,0.58,0.3,17.5,0.575,0.275
0,0.15,0.28,8.5,0.0575,0.19
6,0.06,0.22,4,0.0375,0.0625
0,0.04,0.25,9,0.21,0.075
6,0.39,0.48,12.25,0.14,0.09
8,0.02,0.03,6,0.0075,0.04
0,0.16,0.23,16,0.1375,0.05
3,0.26,0.18,16.5,0.1375,0.1625
0,0.04,0.12,14.25,0.0225,0.0775
0,0.12,0.03,12.75,0.005,0.04
0,0.37,0.3,21.25,0.28,0.35
0,0.22,0.26,24,0.235,0.1475
0,0.04,0.29,11.25,0.02,0.2125
0,0.01,0.1,7.5,0,0.0275
0,0.12,0.08,4,0.155,0.0975
0,0.1,0.08,8,0.0225,0.0275
0,0.3,0.11,9.5,0.315,0.0925
0,0.26,0.34,12.25,0.1125,0.1225
0,0.04,0.24,15,0.025,0.1625
0,0.29,0.08,11,0.2225,0.0275
0,0.07,0.05,6,0.255,0.015
0,0.03,0.58,10.5,0.01,0.17
0,0.43,0.18,9.25,0.1075,0.0275
0,0.03,0.07,5,0.03,0.04
0,0.23,0.46,14.75,0.2575,0.2425
0,0.08,0.05,8.25,0.03,0.0625
0,0.08,0.29,17,0.0625,0.135
0,0.16,0.1,9,0.13,0.0375
0,0.03,0.01,6,0.0075,0.02
5,0.02,0.21,7.25,0.0325,0.1575
0,0.13,0.04,2.75,0.0725,0.01
0,0.15,0.24,5.5,0.0275,0.09
0,0.09,0.21,5,0.0325,0.0975
0,0,0,21.75,0.0075,0.19
8,0,0,12.75,0.03,0.06
0,0.26,0.13,12,0.0975,0.1425
4,0.35,0.26,19.75,0.47,0.1275
0,0.04,0.27,5,0.4625,0.1175
3,0.33,0.32,9,0.2725,0.1225
0,0.04,0.15,11.75,0.0175,0.1025
0,0.38,0.34,15,0.18,0.0775
0,0.39,0.12,11.75,0.24,0.0675
0,0.08,0.08,14,0.0325,0.1125
3,0.49,0.18,12,0.5075,0.02
0,0.11,0.01,5.75,0.0575,0.0075
0,0.13,0.17,16,0.0525,0.1
3,0.12,0.05,14,0.09,0.1225
0,0.2,0.03,8,0.06,0.0225
0,0.05,0.81,17,0.195,0.2875
0,0.39,0.11,18,0.4225,0.115
0,0.14,0.07,9.25,0.0725,0.1425
0,0.03,0.12,11.75,0.015,0.0425
0,0.51,0.12,27,0.2525,0.16
0,0.67,0.1,19.5,0.4875,0.0525
0,0.22,0.43,21.75,0.1675,0.3575
4,0.62,0.41,27,0.46,0.28
0,0.21,0.73,33.25,0.4125,0.2675
0,0.53,0.83,26.25,0.4725,0.395
0,0.58,0.37,15,0.29,0.15
0,0.21,0.21,11.25,0.14,0.15
0,0.15,0.29,10,0.07,0.18
0,0.1,0.22,4.75,0.14,0.07
0,0.01,0.22,10.5,0.0225,0.07
0,0.22,0.34,13.5,0.36,0.2075
6,0.33,0.37,12,0.1725,0.175
0,0.03,0.03,5.75,0.0075,0.035
0,0.2,0.12,20,0.1775,0.1775
0,0.06,0.16,13,0.03,0.07
0,0.48,0.29,20.25,0.255,0.3225
0,0.32,0.29,22.25,0.195,0.16
0,0.04,0.41,12,0.02,0.215
0,0,0.14,9.25,0,0.03
0,0.16,0.07,3.75,0.155,0.1075
0,0.04,0.13,7.25,0.0225,0.0125
3,0.38,0.09,10.75,0.2925,0.16
5,0.08,0.05,10.25,0.2975,0.0525
3,0.06,0.51,16.75,0.1625,0.3975
0,0.04,0.23,13,0.0125,0.15
0,0.32,0.09,12.25,0.135,0.02
10,0.45,0.22,9.5,0.0975,0.025
8,0.01,0.12,8.25,0.0075,0.0675
0,0.07,0,2.75,0.0125,0.03
11,0.15,0.47,13.25,0.045,0.115
5,0.02,0.03,8.25,0.0075,0.03
0,0.11,0.01,11,0.0925,0.0425
6,0.19,0.5,19.5,0.05,0.405
0,0.05,0.02,7,0.045,0.0475
5,0.03,0.13,8.25,0.06,0.2125
0,0.09,0.03,3.75,0.0275,0.055
0,0.04,0.12,4.75,0.0375,0.0575
0,0.32,0.24,5.75,0.0975,0.04
0,0.08,0,6.5,0.0275,0.0425
0,0.16,0.22,18.75,0.04,0.0625
0,0.08,0,10.25,0.03,0.1125
8,0.27,0.24,19,0.1225,0.18
0,0.34,0.27,9.75,0.4,0.1875
8,0.04,0.28,4.25,0.2325,0.0825
0,0.28,0.38,7,0.0875,0.12
0,0.05,0.19,8,0.01,0.11
0,0.35,0.19,10,0.1575,0.0225
0,0,0,3,0,0.0075
0,0.39,0.19,11.75,0.5075,0.045
0,0.11,0.1,14.75,0.06,0.2225
0,0.02,0.03,6,0.0125,0.015
0,0.14,0.18,16.25,0.0375,0.0875
0,0.15,0.01,6.5,0.0275,0.0125
0,0.07,0.43,4.25,0.0125,0.0575
7,0.14,0.14,14,0.0825,0.1375
0,0.29,0.02,8,0.025,0.03
4,0.07,1.09,18.75,0.1325,0.29
3,0.44,0.12,14.5,0.4475,0.0625
0,0.15,0.09,8.5,0.055,0.11
0,0.02,0.16,9.25,0.015,0.08
3,0.55,0.16,24,0.3475,0.145
12,0.88,0.16,15.5,0.33,0.045
0,0.26,0.6,22.5,0.2775,0.305
0,0.17,0.15,14,0.03,0.1275
4,0.52,0.37,33.5,0.455,0.17
18,0.45,0.73,27.5,0.485,0.1275
0,0.32,0.13,14.5,0.485,0.095
0,0.17,0.31,10.5,0.075,0.19
0,0.06,0.2,13.25,0.03,0.0825
3,0.19,0.29,14.75,0.33,0.1975
8,0.28,0.37,12.75,0.185,0.1625
0,0.04,0.04,5.75,0.0075,0.0325
0,0.15,0.22,15,0.0475,0.0525
0,0.22,0.19,20.25,0.17,0.2425
0,0.1,0.14,9.25,0.035,0.07
0,0.59,0.22,15.25,0.19,0.2825
0,0.01,0.07,7.5,0.0075,0.03
0,0.12,0.05,3.25,0.155,0.1
0,0.15,0.5,21.25,0.2475,0.42
0,0.09,0.06,13,0.5275,0.0425
0,0.03,0.2,14,0.0075,0.135
0,0.34,0.05,12.5,0.1675,0.02
0,0.04,0.02,7.25,0.0475,0.02
0,0.02,0.38,13.25,0.0125,0.1975
4,0.14,0.13,9.25,0.1675,0.145